"","name","year","Urban","Non Urban"
"1","lu_area_1","2016",99.33,0.67
"2","lu_area_1","2021",100,0
"3","lu_area_2","2016",91.04,8.96
"4","lu_area_2","2021",95.02,4.98
"5","lu_area_3","2016",97.29,2.71
"6","lu_area_3","2021",96.24,3.76
"7","lu_area_4","2016",84.16,15.84
"8","lu_area_4","2021",93.2,6.8
"9","lu_area_5","2016",84.48,15.52
"10","lu_area_5","2021",87.39,12.61
"11","lu_area_6","2016",62.96,37.04
"12","lu_area_6","2021",96.3,3.7
"13","lu_area_7","2016",65.84,34.16
"14","lu_area_7","2021",82.61,17.39
"15","lu_area_8","2016",95.19,4.81
"16","lu_area_8","2021",97.49,2.51
"17","lu_area_9","2016",97.22,2.78
"18","lu_area_9","2021",98.61,1.39
"19","lu_area_10","2016",88.43,11.57
"20","lu_area_10","2021",92.29,7.71
"21","lu_area_11","2016",100,0
"22","lu_area_11","2021",100,0
"23","lu_area_12","2016",95.59,4.41
"24","lu_area_12","2021",98.29,1.71
"25","lu_area_13","2016",79.02,20.98
"26","lu_area_13","2021",89.29,10.71
"27","lu_area_14","2016",18.97,81.03
"28","lu_area_14","2021",24.14,75.86
"29","lu_area_15","2016",95.21,4.79
"30","lu_area_15","2021",95.21,4.79
"31","lu_area_16","2016",59.52,40.48
"32","lu_area_16","2021",77.78,22.22
"33","lu_area_17","2016",15.54,84.46
"34","lu_area_17","2021",56.91,43.09
"35","lu_area_18","2016",33.08,66.92
"36","lu_area_18","2021",62.41,37.59
"37","lu_area_19","2016",74.9,25.1
"38","lu_area_19","2021",88.07,11.93
"39","lu_area_20","2016",75.12,24.88
"40","lu_area_20","2021",85.95,14.05
"41","lu_area_21","2016",80.67,19.33
"42","lu_area_21","2021",85.92,14.08
"43","lu_area_22","2016",100,0
"44","lu_area_22","2021",100,0
"45","lu_area_23","2016",55.68,44.32
"46","lu_area_23","2021",87.5,12.5
"47","lu_area_24","2016",98.25,1.75
"48","lu_area_24","2021",96.49,3.51
"49","lu_area_25","2016",85.59,14.41
"50","lu_area_25","2021",93.22,6.78
"51","lu_area_26","2016",74.29,25.71
"52","lu_area_26","2021",85.71,14.29
"53","lu_area_27","2016",92.2,7.8
"54","lu_area_27","2021",93.33,6.67
"55","lu_area_28","2016",100,0
"56","lu_area_28","2021",100,0
"57","lu_area_29","2016",4.21,95.79
"58","lu_area_29","2021",19.47,80.53
"59","lu_area_30","2016",0.25,99.75
"60","lu_area_30","2021",1.09,98.91
"61","lu_area_31","2016",97.33,2.67
"62","lu_area_31","2021",98,2
"63","lu_area_32","2016",98.75,1.25
"64","lu_area_32","2021",100,0
"65","lu_area_33","2016",100,0
"66","lu_area_33","2021",100,0
"67","lu_area_34","2016",95.18,4.82
"68","lu_area_34","2021",100,0
"69","lu_area_35","2016",98.66,1.34
"70","lu_area_35","2021",99.43,0.57
"71","lu_area_36","2016",3.33,96.67
"72","lu_area_36","2021",3.33,96.67
"73","lu_area_37","2016",100,0
"74","lu_area_37","2021",100,0
"75","lu_area_37","2016",100,0
"76","lu_area_37","2021",100,0
"77","lu_area_37","2016",100,0
"78","lu_area_37","2021",100,0
"79","lu_area_38","2016",0,100
"80","lu_area_38","2021",2.78,97.22
"81","lu_area_39","2016",14.13,85.87
"82","lu_area_39","2021",22.16,77.84
"83","lu_area_1","2016",99.33,0.67
"84","lu_area_1","2021",100,0
"85","lu_area_2","2016",91.04,8.96
"86","lu_area_2","2021",95.02,4.98
"87","lu_area_3","2016",97.29,2.71
"88","lu_area_3","2021",96.24,3.76
"89","lu_area_4","2016",84.16,15.84
"90","lu_area_4","2021",93.2,6.8
"91","lu_area_5","2016",84.48,15.52
"92","lu_area_5","2021",87.39,12.61
"93","lu_area_6","2016",62.96,37.04
"94","lu_area_6","2021",96.3,3.7
"95","lu_area_7","2016",65.84,34.16
"96","lu_area_7","2021",82.61,17.39
"97","lu_area_8","2016",95.19,4.81
"98","lu_area_8","2021",97.49,2.51
"99","lu_area_9","2016",97.22,2.78
"100","lu_area_9","2021",98.61,1.39
"101","lu_area_10","2016",88.43,11.57
"102","lu_area_10","2021",92.29,7.71
"103","lu_area_11","2016",100,0
"104","lu_area_11","2021",100,0
"105","lu_area_12","2016",95.59,4.41
"106","lu_area_12","2021",98.29,1.71
"107","lu_area_13","2016",79.02,20.98
"108","lu_area_13","2021",89.29,10.71
"109","lu_area_14","2016",18.97,81.03
"110","lu_area_14","2021",24.14,75.86
"111","lu_area_15","2016",95.21,4.79
"112","lu_area_15","2021",95.21,4.79
"113","lu_area_16","2016",59.52,40.48
"114","lu_area_16","2021",77.78,22.22
"115","lu_area_17","2016",15.54,84.46
"116","lu_area_17","2021",56.91,43.09
"117","lu_area_18","2016",33.08,66.92
"118","lu_area_18","2021",62.41,37.59
"119","lu_area_19","2016",74.9,25.1
"120","lu_area_19","2021",88.07,11.93
"121","lu_area_20","2016",75.12,24.88
"122","lu_area_20","2021",85.95,14.05
"123","lu_area_21","2016",80.67,19.33
"124","lu_area_21","2021",85.92,14.08
"125","lu_area_22","2016",100,0
"126","lu_area_22","2021",100,0
"127","lu_area_23","2016",55.68,44.32
"128","lu_area_23","2021",87.5,12.5
"129","lu_area_24","2016",98.25,1.75
"130","lu_area_24","2021",96.49,3.51
"131","lu_area_25","2016",85.59,14.41
"132","lu_area_25","2021",93.22,6.78
"133","lu_area_26","2016",74.29,25.71
"134","lu_area_26","2021",85.71,14.29
"135","lu_area_27","2016",92.2,7.8
"136","lu_area_27","2021",93.33,6.67
"137","lu_area_28","2016",100,0
"138","lu_area_28","2021",100,0
"139","lu_area_29","2016",4.21,95.79
"140","lu_area_29","2021",19.47,80.53
"141","lu_area_30","2016",0.25,99.75
"142","lu_area_30","2021",1.09,98.91
"143","lu_area_31","2016",97.33,2.67
"144","lu_area_31","2021",98,2
"145","lu_area_32","2016",98.75,1.25
"146","lu_area_32","2021",100,0
"147","lu_area_33","2016",100,0
"148","lu_area_33","2021",100,0
"149","lu_area_34","2016",95.18,4.82
"150","lu_area_34","2021",100,0
"151","lu_area_35","2016",98.66,1.34
"152","lu_area_35","2021",99.43,0.57
"153","lu_area_36","2016",3.33,96.67
"154","lu_area_36","2021",3.33,96.67
"155","lu_area_37","2016",100,0
"156","lu_area_37","2021",100,0
"157","lu_area_38","2016",0,100
"158","lu_area_38","2021",2.78,97.22
"159","lu_area_39","2016",14.13,85.87
"160","lu_area_39","2021",22.16,77.84
"161","lu_area_40","2016",9.89,90.11
"162","lu_area_40","2021",19.78,80.22
"163","lu_area_41","2016",74.07,25.93
"164","lu_area_41","2021",75.93,24.07
"165","lu_area_42","2016",98.08,1.92
"166","lu_area_42","2021",100,0
"167","lu_area_43","2016",100,0
"168","lu_area_43","2021",100,0
"169","lu_area_44","2016",75.24,24.76
"170","lu_area_44","2021",84.76,15.24
"171","lu_area_45","2016",99.84,0.16
"172","lu_area_45","2021",99.84,0.16
"173","lu_area_46","2016",89.55,10.45
"174","lu_area_46","2021",92.27,7.73
"175","lu_area_47","2016",100,0
"176","lu_area_47","2021",100,0
"177","lu_area_48","2016",100,0
"178","lu_area_48","2021",100,0
"179","lu_area_49","2016",100,0
"180","lu_area_49","2021",100,0
"181","lu_area_50","2016",88,12
"182","lu_area_50","2021",100,0
"183","lu_area_51","2016",100,0
"184","lu_area_51","2021",100,0
"185","lu_area_52","2016",98.42,1.58
"186","lu_area_52","2021",97.37,2.63
"187","lu_area_53","2016",100,0
"188","lu_area_53","2021",100,0
"189","lu_area_54","2016",86.67,13.33
"190","lu_area_54","2021",93.33,6.67
"191","lu_area_55","2016",100,0
"192","lu_area_55","2021",100,0
"193","lu_area_56","2016",95,5
"194","lu_area_56","2021",94,6
"195","lu_area_57","2016",100,0
"196","lu_area_57","2021",100,0
"197","lu_area_58","2016",57.35,42.65
"198","lu_area_58","2021",86.37,13.63
"199","lu_area_59","2016",100,0
"200","lu_area_59","2021",100,0
"201","lu_area_60","2016",22.75,77.25
"202","lu_area_60","2021",33.65,66.35
"203","lu_area_61","2016",100,0
"204","lu_area_61","2021",100,0
"205","lu_area_62","2016",72.73,27.27
"206","lu_area_62","2021",88.31,11.69
"207","lu_area_63","2016",47.92,52.08
"208","lu_area_63","2021",39.58,60.42
"209","lu_area_64","2016",94.17,5.83
"210","lu_area_64","2021",96.17,3.83
"211","lu_area_65","2016",100,0
"212","lu_area_65","2021",100,0
"213","lu_area_66","2016",100,0
"214","lu_area_66","2021",100,0
"215","lu_area_67","2016",55.36,44.64
"216","lu_area_67","2021",73.21,26.79
"217","lu_area_68","2016",84.21,15.79
"218","lu_area_68","2021",80.26,19.74
"219","lu_area_69","2016",100,0
"220","lu_area_69","2021",100,0
"221","lu_area_70","2016",77.14,22.86
"222","lu_area_70","2021",100,0
"223","lu_area_71","2016",93.75,6.25
"224","lu_area_71","2021",97.22,2.78
"225","lu_area_72","2016",66.79,33.21
"226","lu_area_72","2021",86.13,13.87
"227","lu_area_73","2016",100,0
"228","lu_area_73","2021",100,0
"229","lu_area_74","2016",33.63,66.37
"230","lu_area_74","2021",61.33,38.67
"231","lu_area_75","2016",100,0
"232","lu_area_75","2021",100,0
"233","lu_area_76","2016",71.88,28.12
"234","lu_area_76","2021",81.25,18.75
"235","lu_area_77","2016",100,0
"236","lu_area_77","2021",100,0
"237","lu_area_78","2016",100,0
"238","lu_area_78","2021",100,0
"239","lu_area_79","2016",100,0
"240","lu_area_79","2021",100,0
"241","lu_area_80","2016",100,0
"242","lu_area_80","2021",100,0
"243","lu_area_81","2016",100,0
"244","lu_area_81","2021",100,0
"245","lu_area_82","2016",69.23,30.77
"246","lu_area_82","2021",84.62,15.38
"247","lu_area_83","2016",100,0
"248","lu_area_83","2021",100,0
"249","lu_area_84","2016",100,0
"250","lu_area_84","2021",100,0
"251","lu_area_85","2016",100,0
"252","lu_area_85","2021",100,0
"253","lu_area_86","2016",90.4,9.6
"254","lu_area_86","2021",93.84,6.16
"255","lu_area_87","2016",93.99,6.01
"256","lu_area_87","2021",99,1
"257","lu_area_89","2016",100,0
"258","lu_area_89","2021",100,0
"259","lu_area_90","2016",90.62,9.38
"260","lu_area_90","2021",90.62,9.38
"261","lu_area_91","2016",100,0
"262","lu_area_91","2021",100,0
"263","lu_area_92","2016",10.42,89.58
"264","lu_area_92","2021",22.92,77.08
"265","lu_area_93","2016",100,0
"266","lu_area_93","2021",0,100
"267","lu_area_94","2016",100,0
"268","lu_area_94","2021",98.48,1.52
"269","lu_area_95","2016",31.56,68.44
"270","lu_area_95","2021",70.66,29.34
"271","lu_area_96","2016",100,0
"272","lu_area_96","2021",94.74,5.26
"273","lu_area_97","2016",100,0
"274","lu_area_97","2021",100,0
"275","lu_area_98","2016",85.71,14.29
"276","lu_area_98","2021",85.71,14.29
"277","lu_area_99","2016",100,0
"278","lu_area_99","2021",100,0
"279","lu_area_100","2016",99.76,0.24
"280","lu_area_100","2021",99.76,0.24
"281","lu_area_101","2016",100,0
"282","lu_area_101","2021",100,0
"283","lu_area_102","2016",100,0
"284","lu_area_102","2021",100,0
"285","lu_area_103","2016",0,100
"286","lu_area_103","2021",100,0
"287","lu_area_104","2016",100,0
"288","lu_area_104","2021",100,0
"289","lu_area_105","2016",100,0
"290","lu_area_105","2021",100,0
"291","lu_area_106","2016",100,0
"292","lu_area_106","2021",100,0
"293","lu_area_107","2016",100,0
"294","lu_area_107","2021",100,0
"295","lu_area_108","2016",94.9,5.1
"296","lu_area_108","2021",99.59,0.41
"297","lu_area_109","2016",100,0
"298","lu_area_109","2021",99.07,0.93
"299","lu_area_110","2016",95.38,4.62
"300","lu_area_110","2021",100,0
"301","lu_area_111","2016",63.64,36.36
"302","lu_area_111","2021",100,0
"303","lu_area_112","2016",100,0
"304","lu_area_112","2021",100,0
"305","lu_area_113","2016",15.85,84.15
"306","lu_area_113","2021",23.35,76.65
"307","lu_area_114","2016",100,0
"308","lu_area_114","2021",100,0
"309","lu_area_115","2016",100,0
"310","lu_area_115","2021",100,0
"311","lu_area_116","2016",100,0
"312","lu_area_116","2021",100,0
"313","lu_area_117","2016",66.67,33.33
"314","lu_area_117","2021",100,0
"315","lu_area_118","2016",100,0
"316","lu_area_118","2021",100,0
"317","lu_area_119","2016",100,0
"318","lu_area_119","2021",100,0
"319","lu_area_120","2016",100,0
"320","lu_area_120","2021",100,0
"321","lu_area_121","2016",100,0
"322","lu_area_121","2021",100,0
"323","lu_area_122","2016",100,0
"324","lu_area_122","2021",100,0
"325","lu_area_123","2016",100,0
"326","lu_area_123","2021",100,0
"327","lu_area_124","2016",100,0
"328","lu_area_124","2021",100,0
"329","lu_area_125","2016",100,0
"330","lu_area_125","2021",100,0
"331","lu_area_126","2016",100,0
"332","lu_area_126","2021",100,0
"333","lu_area_127","2016",100,0
"334","lu_area_127","2021",100,0
"335","lu_area_128","2016",100,0
"336","lu_area_128","2021",77.78,22.22
"337","lu_area_129","2016",96.3,3.7
"338","lu_area_129","2021",100,0
"339","lu_area_130","2016",100,0
"340","lu_area_130","2021",100,0
"341","lu_area_131","2016",100,0
"342","lu_area_131","2021",100,0
"343","lu_area_132","2016",92.31,7.69
"344","lu_area_132","2021",92.31,7.69
"345","lu_area_133","2016",91.82,8.18
"346","lu_area_133","2021",94.75,5.25
"347","lu_area_134","2016",5.97,94.03
"348","lu_area_134","2021",10.69,89.31
"349","lu_area_135","2016",100,0
"350","lu_area_135","2021",100,0
"351","lu_area_136","2016",75,25
"352","lu_area_136","2021",100,0
"353","lu_area_137","2016",100,0
"354","lu_area_137","2021",100,0
"355","lu_area_138","2016",44.44,55.56
"356","lu_area_138","2021",100,0
"357","lu_area_139","2016",100,0
"358","lu_area_139","2021",100,0
"359","lu_area_140","2016",100,0
"360","lu_area_140","2021",100,0
"361","lu_area_141","2016",12.12,87.88
"362","lu_area_141","2021",19.7,80.3
"363","lu_area_142","2016",97.44,2.56
"364","lu_area_142","2021",98.46,1.54
"365","lu_area_143","2016",88.64,11.36
"366","lu_area_143","2021",93.59,6.41
"367","lu_area_144","2016",95.21,4.79
"368","lu_area_144","2021",97.6,2.4
"369","lu_area_145","2016",84.62,15.38
"370","lu_area_145","2021",100,0
"371","lu_area_146","2016",91.88,8.12
"372","lu_area_146","2021",97.5,2.5
"373","lu_area_147","2016",100,0
"374","lu_area_147","2021",100,0
"375","lu_area_148","2016",25.53,74.47
"376","lu_area_148","2021",48.94,51.06
"377","lu_area_149","2016",95.8,4.2
"378","lu_area_149","2021",97.62,2.38
"379","lu_area_150","2016",96.17,3.83
"380","lu_area_150","2021",97.61,2.39
"381","lu_area_151","2016",98.11,1.89
"382","lu_area_151","2021",98.11,1.89
"383","lu_area_152","2016",100,0
"384","lu_area_152","2021",100,0
"385","lu_area_153","2016",4.17,95.83
"386","lu_area_153","2021",45.83,54.17
"387","lu_area_154","2016",100,0
"388","lu_area_154","2021",100,0
"389","lu_area_155","2016",100,0
"390","lu_area_155","2021",100,0
"391","lu_area_156","2016",100,0
"392","lu_area_156","2021",100,0
"393","lu_area_157","2016",50,50
"394","lu_area_157","2021",100,0
"395","lu_area_158","2016",80,20
"396","lu_area_158","2021",100,0
"397","lu_area_159","2016",100,0
"398","lu_area_159","2021",100,0
"399","lu_area_160","2016",92.31,7.69
"400","lu_area_160","2021",100,0
"401","lu_area_161","2016",15.67,84.33
"402","lu_area_161","2021",35.67,64.33
"403","lu_area_162","2016",100,0
"404","lu_area_162","2021",100,0
"405","lu_area_163","2016",100,0
"406","lu_area_163","2021",100,0
"407","lu_area_164","2016",71.43,28.57
"408","lu_area_164","2021",85.71,14.29
"409","lu_area_165","2016",93.62,6.38
"410","lu_area_165","2021",95.74,4.26
"411","lu_area_166","2016",12.3,87.7
"412","lu_area_166","2021",47.93,52.07
"413","lu_area_167","2016",96.27,3.73
"414","lu_area_167","2021",93.79,6.21
"415","lu_area_168","2016",100,0
"416","lu_area_168","2021",100,0
"417","lu_area_169","2016",100,0
"418","lu_area_169","2021",100,0
"419","lu_area_170","2016",100,0
"420","lu_area_170","2021",100,0
"421","lu_area_171","2016",100,0
"422","lu_area_171","2021",100,0
"423","lu_area_172","2016",100,0
"424","lu_area_172","2021",100,0
"425","lu_area_173","2016",100,0
"426","lu_area_173","2021",100,0
"427","lu_area_174","2016",100,0
"428","lu_area_174","2021",100,0
"429","lu_area_175","2016",97.3,2.7
"430","lu_area_175","2021",100,0
"431","lu_area_176","2016",100,0
"432","lu_area_176","2021",100,0
"433","lu_area_177","2016",97.03,2.97
"434","lu_area_177","2021",99.04,0.96
"435","lu_area_178","2016",100,0
"436","lu_area_178","2021",100,0
"437","lu_area_179","2016",100,0
"438","lu_area_179","2021",100,0
"439","lu_area_180","2016",100,0
"440","lu_area_180","2021",100,0
"441","lu_area_181","2016",100,0
"442","lu_area_181","2021",100,0
"443","lu_area_183","2016",0,100
"444","lu_area_183","2021",100,0
"445","lu_area_184","2016",100,0
"446","lu_area_184","2021",100,0
"447","lu_area_185","2016",95.89,4.11
"448","lu_area_185","2021",96.12,3.88
"449","lu_area_186","2016",100,0
"450","lu_area_186","2021",100,0
"451","lu_area_187","2016",100,0
"452","lu_area_187","2021",100,0
"453","lu_area_188","2016",100,0
"454","lu_area_188","2021",100,0
"455","lu_area_189","2016",100,0
"456","lu_area_189","2021",100,0
"457","lu_area_190","2016",100,0
"458","lu_area_190","2021",100,0
"459","lu_area_191","2016",95.79,4.21
"460","lu_area_191","2021",96.04,3.96
"461","lu_area_192","2016",100,0
"462","lu_area_192","2021",100,0
"463","lu_area_194","2016",100,0
"464","lu_area_194","2021",100,0
"465","lu_area_195","2016",97.22,2.78
"466","lu_area_195","2021",91.35,8.65
"467","lu_area_196","2016",99.25,0.75
"468","lu_area_196","2021",99.25,0.75
"469","lu_area_197","2016",88.57,11.43
"470","lu_area_197","2021",91.43,8.57
"471","lu_area_198","2016",92.52,7.48
"472","lu_area_198","2021",93.93,6.07
"473","lu_area_199","2016",100,0
"474","lu_area_199","2021",100,0
"475","lu_area_200","2016",100,0
"476","lu_area_200","2021",84.62,15.38
"477","lu_area_201","2016",90.62,9.38
"478","lu_area_201","2021",96.88,3.12
"479","lu_area_202","2016",97.87,2.13
"480","lu_area_202","2021",97.94,2.06
"481","lu_area_203","2016",0.42,99.58
"482","lu_area_203","2021",1.68,98.32
"483","lu_area_204","2016",100,0
"484","lu_area_204","2021",100,0
"485","lu_area_205","2016",100,0
"486","lu_area_205","2021",100,0
"487","lu_area_206","2016",92.31,7.69
"488","lu_area_206","2021",100,0
"489","lu_area_207","2016",100,0
"490","lu_area_207","2021",100,0
"491","lu_area_208","2016",95.17,4.83
"492","lu_area_208","2021",97.14,2.86
"493","lu_area_209","2016",83,17
"494","lu_area_209","2021",94.75,5.25
"495","lu_area_210","2016",100,0
"496","lu_area_210","2021",100,0
"497","lu_area_211","2016",100,0
"498","lu_area_211","2021",100,0
"499","lu_area_212","2016",100,0
"500","lu_area_212","2021",100,0
"501","lu_area_213","2016",100,0
"502","lu_area_213","2021",100,0
"503","lu_area_214","2016",87.5,12.5
"504","lu_area_214","2021",100,0
"505","lu_area_215","2016",95.45,4.55
"506","lu_area_215","2021",100,0
"507","lu_area_217","2016",11.11,88.89
"508","lu_area_217","2021",44.44,55.56
"509","lu_area_218","2016",100,0
"510","lu_area_218","2021",100,0
"511","lu_area_219","2016",85.71,14.29
"512","lu_area_219","2021",100,0
"513","lu_area_221","2016",100,0
"514","lu_area_221","2021",100,0
"515","lu_area_222","2016",100,0
"516","lu_area_222","2021",100,0
"517","lu_area_223","2016",100,0
"518","lu_area_223","2021",100,0
"519","lu_area_224","2016",4.68,95.32
"520","lu_area_224","2021",16.08,83.92
"521","lu_area_225","2016",90.04,9.96
"522","lu_area_225","2021",89.05,10.95
"523","lu_area_226","2016",100,0
"524","lu_area_226","2021",100,0
"525","lu_area_227","2016",100,0
"526","lu_area_227","2021",100,0
"527","lu_area_228","2016",100,0
"528","lu_area_228","2021",100,0
"529","lu_area_229","2016",100,0
"530","lu_area_229","2021",100,0
"531","lu_area_230","2016",98.71,1.29
"532","lu_area_230","2021",98.06,1.94
"533","lu_area_231","2016",92.21,7.79
"534","lu_area_231","2021",95.84,4.16
"535","lu_area_232","2016",100,0
"536","lu_area_232","2021",100,0
"537","lu_area_233","2016",94.83,5.17
"538","lu_area_233","2021",98.28,1.72
"539","lu_area_234","2016",100,0
"540","lu_area_234","2021",100,0
"541","lu_area_235","2016",93.18,6.82
"542","lu_area_235","2021",100,0
"543","lu_area_236","2016",45,55
"544","lu_area_236","2021",55,45
"545","lu_area_237","2016",100,0
"546","lu_area_237","2021",100,0
"547","lu_area_238","2016",100,0
"548","lu_area_238","2021",100,0
"549","lu_area_239","2016",22.22,77.78
"550","lu_area_239","2021",25,75
"551","lu_area_240","2016",100,0
"552","lu_area_240","2021",100,0
"553","lu_area_241","2016",100,0
"554","lu_area_241","2021",100,0
"555","lu_area_242","2016",0,100
"556","lu_area_242","2021",3.46,96.54
"557","lu_area_243","2016",100,0
"558","lu_area_243","2021",100,0
"559","lu_area_244","2016",100,0
"560","lu_area_244","2021",100,0
"561","lu_area_245","2016",100,0
"562","lu_area_245","2021",100,0
"563","lu_area_246","2016",16.67,83.33
"564","lu_area_246","2021",54.17,45.83
"565","lu_area_247","2016",100,0
"566","lu_area_247","2021",100,0
"567","lu_area_248","2016",85.71,14.29
"568","lu_area_248","2021",85.71,14.29
"569","lu_area_249","2016",5.56,94.44
"570","lu_area_249","2021",100,0
"571","lu_area_250","2016",5.56,94.44
"572","lu_area_250","2021",16.67,83.33
"573","lu_area_251","2016",100,0
"574","lu_area_251","2021",100,0
"575","lu_area_252","2016",98.18,1.82
"576","lu_area_252","2021",98.18,1.82
"577","lu_area_253","2016",100,0
"578","lu_area_253","2021",100,0
"579","lu_area_254","2016",66.67,33.33
"580","lu_area_254","2021",66.67,33.33
"581","lu_area_255","2016",99.05,0.95
"582","lu_area_255","2021",99.43,0.57
"583","lu_area_256","2016",87.01,12.99
"584","lu_area_256","2021",85.71,14.29
"585","lu_area_257","2016",100,0
"586","lu_area_257","2021",100,0
"587","lu_area_258","2016",100,0
"588","lu_area_258","2021",100,0
"589","lu_area_259","2016",41.88,58.12
"590","lu_area_259","2021",55.84,44.16
"591","lu_area_260","2016",96.49,3.51
"592","lu_area_260","2021",97.49,2.51
"593","lu_area_261","2016",50,50
"594","lu_area_261","2021",100,0
"595","lu_area_262","2016",100,0
"596","lu_area_262","2021",100,0
"597","lu_area_263","2016",82.09,17.91
"598","lu_area_263","2021",85.07,14.93
"599","lu_area_264","2016",100,0
"600","lu_area_264","2021",71.43,28.57
"601","lu_area_265","2016",80.81,19.19
"602","lu_area_265","2021",83.66,16.34
"603","lu_area_266","2016",100,0
"604","lu_area_266","2021",100,0
"605","lu_area_267","2016",97.44,2.56
"606","lu_area_267","2021",97.44,2.56
"607","lu_area_268","2016",100,0
"608","lu_area_268","2021",100,0
"609","lu_area_269","2016",67.44,32.56
"610","lu_area_269","2021",76.74,23.26
"611","lu_area_270","2016",42,58
"612","lu_area_270","2021",40.4,59.6
"613","lu_area_272","2016",100,0
"614","lu_area_272","2021",100,0
"615","lu_area_273","2016",100,0
"616","lu_area_273","2021",100,0
"617","lu_area_274","2016",66.67,33.33
"618","lu_area_274","2021",100,0
"619","lu_area_275","2016",100,0
"620","lu_area_275","2021",100,0
"621","lu_area_276","2016",97.89,2.11
"622","lu_area_276","2021",99.4,0.6
"623","lu_area_277","2016",100,0
"624","lu_area_277","2021",100,0
"625","lu_area_278","2016",100,0
"626","lu_area_278","2021",100,0
"627","lu_area_279","2016",100,0
"628","lu_area_279","2021",100,0
"629","lu_area_280","2016",100,0
"630","lu_area_280","2021",100,0
"631","lu_area_281","2016",62.75,37.25
"632","lu_area_281","2021",80.39,19.61
"633","lu_area_282","2016",100,0
"634","lu_area_282","2021",100,0
"635","lu_area_283","2016",100,0
"636","lu_area_283","2021",100,0
"637","lu_area_284","2016",96.84,3.16
"638","lu_area_284","2021",92.63,7.37
"639","lu_area_285","2016",100,0
"640","lu_area_285","2021",100,0
"641","lu_area_286","2016",90,10
"642","lu_area_286","2021",83.33,16.67
"643","lu_area_287","2016",73.08,26.92
"644","lu_area_287","2021",88.46,11.54
"645","lu_area_288","2016",87.1,12.9
"646","lu_area_288","2021",87.1,12.9
"647","lu_area_289","2016",100,0
"648","lu_area_289","2021",100,0
"649","lu_area_290","2016",100,0
"650","lu_area_290","2021",100,0
"651","lu_area_291","2016",96,4
"652","lu_area_291","2021",100,0
"653","lu_area_293","2016",74.51,25.49
"654","lu_area_293","2021",74.51,25.49
"655","lu_area_294","2016",100,0
"656","lu_area_294","2021",100,0
"657","lu_area_295","2016",100,0
"658","lu_area_295","2021",100,0
"659","lu_area_296","2016",100,0
"660","lu_area_296","2021",100,0
"661","lu_area_297","2016",100,0
"662","lu_area_297","2021",100,0
"663","lu_area_298","2016",100,0
"664","lu_area_298","2021",66.67,33.33
"665","lu_area_299","2016",83.33,16.67
"666","lu_area_299","2021",83.33,16.67
"667","lu_area_300","2016",100,0
"668","lu_area_300","2021",100,0
"669","lu_area_301","2016",100,0
"670","lu_area_301","2021",100,0
"671","lu_area_302","2016",100,0
"672","lu_area_302","2021",100,0
"673","lu_area_303","2016",100,0
"674","lu_area_303","2021",100,0
"675","lu_area_304","2016",100,0
"676","lu_area_304","2021",96.3,3.7
"677","lu_area_305","2016",100,0
"678","lu_area_305","2021",100,0
"679","lu_area_306","2016",100,0
"680","lu_area_306","2021",100,0
"681","lu_area_307","2016",100,0
"682","lu_area_307","2021",100,0
"683","lu_area_308","2016",100,0
"684","lu_area_308","2021",100,0
"685","lu_area_309","2016",100,0
"686","lu_area_309","2021",73.91,26.09
"687","lu_area_310","2016",68.89,31.11
"688","lu_area_310","2021",75.56,24.44
"689","lu_area_311","2016",100,0
"690","lu_area_311","2021",100,0
"691","lu_area_312","2016",100,0
"692","lu_area_312","2021",100,0
"693","lu_area_313","2016",100,0
"694","lu_area_313","2021",100,0
"695","lu_area_314","2016",100,0
"696","lu_area_314","2021",100,0
"697","lu_area_315","2016",71.43,28.57
"698","lu_area_315","2021",85.71,14.29
"699","lu_area_316","2016",93.73,6.27
"700","lu_area_316","2021",93.36,6.64
"701","lu_area_317","2016",96.77,3.23
"702","lu_area_317","2021",96.77,3.23
"703","lu_area_318","2016",100,0
"704","lu_area_318","2021",100,0
"705","lu_area_319","2016",100,0
"706","lu_area_319","2021",100,0
"707","lu_area_320","2016",87.5,12.5
"708","lu_area_320","2021",66.67,33.33
"709","lu_area_321","2016",100,0
"710","lu_area_321","2021",100,0
"711","lu_area_322","2016",100,0
"712","lu_area_322","2021",94.59,5.41
"713","lu_area_323","2016",100,0
"714","lu_area_323","2021",100,0
"715","lu_area_324","2016",100,0
"716","lu_area_324","2021",100,0
"717","lu_area_325","2016",90,10
"718","lu_area_325","2021",95,5
"719","lu_area_326","2016",97.06,2.94
"720","lu_area_326","2021",97.06,2.94
"721","lu_area_327","2016",100,0
"722","lu_area_327","2021",100,0
"723","lu_area_328","2016",100,0
"724","lu_area_328","2021",100,0
"725","lu_area_329","2016",100,0
"726","lu_area_329","2021",100,0
"727","lu_area_330","2016",100,0
"728","lu_area_330","2021",100,0
"729","lu_area_331","2016",100,0
"730","lu_area_331","2021",100,0
"731","lu_area_332","2016",68.12,31.88
"732","lu_area_332","2021",79.71,20.29
"733","lu_area_333","2016",100,0
"734","lu_area_333","2021",100,0
"735","lu_area_334","2016",100,0
"736","lu_area_334","2021",100,0
"737","lu_area_335","2016",75,25
"738","lu_area_335","2021",100,0
"739","lu_area_336","2016",100,0
"740","lu_area_336","2021",100,0
"741","lu_area_337","2016",92.95,7.05
"742","lu_area_337","2021",94.27,5.73
"743","lu_area_338","2016",91.3,8.7
"744","lu_area_338","2021",86.96,13.04
"745","lu_area_339","2016",91.67,8.33
"746","lu_area_339","2021",50,50
"747","lu_area_340","2016",96.3,3.7
"748","lu_area_340","2021",98.77,1.23
"749","lu_area_341","2016",100,0
"750","lu_area_341","2021",95,5
"751","lu_area_342","2016",100,0
"752","lu_area_342","2021",100,0
"753","lu_area_343","2016",100,0
"754","lu_area_343","2021",100,0
"755","lu_area_344","2016",88.89,11.11
"756","lu_area_344","2021",61.11,38.89
"757","lu_area_345","2016",97.73,2.27
"758","lu_area_345","2021",100,0
"759","lu_area_346","2016",94.92,5.08
"760","lu_area_346","2021",96.61,3.39
"761","lu_area_347","2016",100,0
"762","lu_area_347","2021",100,0
"763","lu_area_348","2016",96.97,3.03
"764","lu_area_348","2021",100,0
"765","lu_area_349","2016",84.31,15.69
"766","lu_area_349","2021",64.71,35.29
"767","lu_area_350","2016",100,0
"768","lu_area_350","2021",100,0
"769","lu_area_351","2016",100,0
"770","lu_area_351","2021",100,0
"771","lu_area_352","2016",100,0
"772","lu_area_352","2021",100,0
"773","lu_area_353","2016",89.6,10.4
"774","lu_area_353","2021",91.58,8.42
"775","lu_area_354","2016",80,20
"776","lu_area_354","2021",70,30
"777","lu_area_355","2016",100,0
"778","lu_area_355","2021",100,0
"779","lu_area_356","2016",82.61,17.39
"780","lu_area_356","2021",86.96,13.04
"781","lu_area_357","2016",50,50
"782","lu_area_357","2021",50,50
"783","lu_area_358","2016",92.59,7.41
"784","lu_area_358","2021",88.89,11.11
"785","lu_area_359","2016",100,0
"786","lu_area_359","2021",100,0
"787","lu_area_360","2016",100,0
"788","lu_area_360","2021",100,0
"789","lu_area_361","2016",82.94,17.06
"790","lu_area_361","2021",96.43,3.57
"791","lu_area_362","2016",64.21,35.79
"792","lu_area_362","2021",86.32,13.68
"793","lu_area_363","2016",77.68,22.32
"794","lu_area_363","2021",93.75,6.25
"795","lu_area_364","2016",93.75,6.25
"796","lu_area_364","2021",97.92,2.08
"797","lu_area_365","2016",60.61,39.39
"798","lu_area_365","2021",60.61,39.39
"799","lu_area_366","2016",100,0
"800","lu_area_366","2021",100,0
"801","lu_area_367","2016",82.86,17.14
"802","lu_area_367","2021",91.43,8.57
"803","lu_area_368","2016",88.89,11.11
"804","lu_area_368","2021",94.44,5.56
"805","lu_area_369","2016",100,0
"806","lu_area_369","2021",100,0
"807","lu_area_371","2016",79.43,20.57
"808","lu_area_371","2021",85.11,14.89
"809","lu_area_372","2016",0,100
"810","lu_area_372","2021",100,0
"811","lu_area_373","2016",100,0
"812","lu_area_373","2021",100,0
"813","lu_area_374","2016",24,76
"814","lu_area_374","2021",68,32
"815","lu_area_375","2016",100,0
"816","lu_area_375","2021",100,0
"817","lu_area_376","2016",100,0
"818","lu_area_376","2021",100,0
"819","lu_area_377","2016",66.67,33.33
"820","lu_area_377","2021",75,25
"821","lu_area_378","2016",72.73,27.27
"822","lu_area_378","2021",63.64,36.36
"823","lu_area_379","2016",51.61,48.39
"824","lu_area_379","2021",74.19,25.81
"825","lu_area_380","2016",100,0
"826","lu_area_380","2021",100,0
"827","lu_area_381","2016",100,0
"828","lu_area_381","2021",100,0
"829","lu_area_382","2016",100,0
"830","lu_area_382","2021",96,4
"831","lu_area_383","2016",92.45,7.55
"832","lu_area_383","2021",100,0
"833","lu_area_384","2016",100,0
"834","lu_area_384","2021",100,0
"835","lu_area_385","2016",100,0
"836","lu_area_385","2021",100,0
"837","lu_area_386","2016",83.26,16.74
"838","lu_area_386","2021",87.03,12.97
"839","lu_area_387","2016",100,0
"840","lu_area_387","2021",100,0
"841","lu_area_388","2016",100,0
"842","lu_area_388","2021",100,0
"843","lu_area_389","2016",100,0
"844","lu_area_389","2021",100,0
"845","lu_area_390","2016",100,0
"846","lu_area_390","2021",100,0
"847","lu_area_391","2016",50,50
"848","lu_area_391","2021",100,0
"849","lu_area_392","2016",100,0
"850","lu_area_392","2021",100,0
"851","lu_area_393","2016",90,10
"852","lu_area_393","2021",100,0
"853","lu_area_394","2016",56.25,43.75
"854","lu_area_394","2021",50,50
"855","lu_area_395","2016",100,0
"856","lu_area_395","2021",100,0
"857","lu_area_396","2016",100,0
"858","lu_area_396","2021",90.91,9.09
"859","lu_area_397","2016",100,0
"860","lu_area_397","2021",100,0
"861","lu_area_398","2016",54.8,45.2
"862","lu_area_398","2021",68.15,31.85
"863","lu_area_399","2016",100,0
"864","lu_area_399","2021",100,0
"865","lu_area_400","2016",100,0
"866","lu_area_400","2021",0,100
"867","lu_area_401","2016",89.17,10.83
"868","lu_area_401","2021",95.83,4.17
"869","lu_area_402","2016",73.28,26.72
"870","lu_area_402","2021",92.24,7.76
"871","lu_area_403","2016",100,0
"872","lu_area_403","2021",100,0
"873","lu_area_404","2016",100,0
"874","lu_area_404","2021",100,0
"875","lu_area_405","2016",88.05,11.95
"876","lu_area_405","2021",91.87,8.13
"877","lu_area_406","2016",100,0
"878","lu_area_406","2021",100,0
"879","lu_area_407","2016",100,0
"880","lu_area_407","2021",100,0
"881","lu_area_408","2016",100,0
"882","lu_area_408","2021",100,0
"883","lu_area_409","2016",100,0
"884","lu_area_409","2021",100,0
"885","lu_area_410","2016",97.66,2.34
"886","lu_area_410","2021",96.49,3.51
"887","lu_area_411","2016",100,0
"888","lu_area_411","2021",100,0
"889","lu_area_412","2016",96.49,3.51
"890","lu_area_412","2021",98.68,1.32
"891","lu_area_413","2016",100,0
"892","lu_area_413","2021",100,0
"893","lu_area_414","2016",100,0
"894","lu_area_414","2021",100,0
"895","lu_area_415","2016",100,0
"896","lu_area_415","2021",100,0
"897","lu_area_416","2016",100,0
"898","lu_area_416","2021",100,0
"899","lu_area_417","2016",100,0
"900","lu_area_417","2021",100,0
"901","lu_area_418","2016",94.71,5.29
"902","lu_area_418","2021",94.71,5.29
"903","lu_area_419","2016",97.18,2.82
"904","lu_area_419","2021",95.77,4.23
"905","lu_area_420","2016",95,5
"906","lu_area_420","2021",90,10
"907","lu_area_421","2016",100,0
"908","lu_area_421","2021",100,0
"909","lu_area_422","2016",100,0
"910","lu_area_422","2021",100,0
"911","lu_area_423","2016",100,0
"912","lu_area_423","2021",100,0
"913","lu_area_424","2016",96.04,3.96
"914","lu_area_424","2021",95.05,4.95
"915","lu_area_425","2016",98.03,1.97
"916","lu_area_425","2021",98.03,1.97
"917","lu_area_426","2016",66.67,33.33
"918","lu_area_426","2021",100,0
"919","lu_area_427","2016",100,0
"920","lu_area_427","2021",50,50
"921","lu_area_428","2016",100,0
"922","lu_area_428","2021",100,0
"923","lu_area_430","2016",100,0
"924","lu_area_430","2021",100,0
"925","lu_area_431","2016",100,0
"926","lu_area_431","2021",100,0
"927","lu_area_432","2016",100,0
"928","lu_area_432","2021",100,0
"929","lu_area_433","2016",100,0
"930","lu_area_433","2021",100,0
"931","lu_area_434","2016",100,0
"932","lu_area_434","2021",100,0
"933","lu_area_436","2016",100,0
"934","lu_area_436","2021",100,0
"935","lu_area_437","2016",100,0
"936","lu_area_437","2021",100,0
"937","lu_area_438","2016",100,0
"938","lu_area_438","2021",88.89,11.11
"939","lu_area_439","2016",100,0
"940","lu_area_439","2021",100,0
"941","lu_area_440","2016",84.91,15.09
"942","lu_area_440","2021",94.34,5.66
"943","lu_area_441","2016",86.64,13.36
"944","lu_area_441","2021",91.16,8.84
"945","lu_area_442","2016",100,0
"946","lu_area_442","2021",100,0
"947","lu_area_443","2016",96.72,3.28
"948","lu_area_443","2021",93.44,6.56
"949","lu_area_444","2016",100,0
"950","lu_area_444","2021",100,0
"951","lu_area_445","2016",100,0
"952","lu_area_445","2021",100,0
"953","lu_area_446","2016",100,0
"954","lu_area_446","2021",100,0
"955","lu_area_447","2016",98.63,1.37
"956","lu_area_447","2021",98.63,1.37
"957","lu_area_448","2016",100,0
"958","lu_area_448","2021",100,0
"959","lu_area_449","2016",100,0
"960","lu_area_449","2021",100,0
"961","lu_area_450","2016",100,0
"962","lu_area_450","2021",100,0
"963","lu_area_451","2016",100,0
"964","lu_area_451","2021",100,0
"965","lu_area_452","2016",100,0
"966","lu_area_452","2021",100,0
"967","lu_area_453","2016",100,0
"968","lu_area_453","2021",100,0
"969","lu_area_454","2016",100,0
"970","lu_area_454","2021",100,0
"971","lu_area_455","2016",98.31,1.69
"972","lu_area_455","2021",100,0
"973","lu_area_456","2016",100,0
"974","lu_area_456","2021",100,0
"975","lu_area_457","2016",97.92,2.08
"976","lu_area_457","2021",96.88,3.12
"977","lu_area_458","2016",100,0
"978","lu_area_458","2021",100,0
"979","lu_area_459","2016",98.91,1.09
"980","lu_area_459","2021",98.69,1.31
"981","lu_area_460","2016",100,0
"982","lu_area_460","2021",100,0
"983","lu_area_461","2016",100,0
"984","lu_area_461","2021",100,0
"985","lu_area_462","2016",100,0
"986","lu_area_462","2021",100,0
"987","lu_area_463","2016",100,0
"988","lu_area_463","2021",100,0
"989","lu_area_464","2016",100,0
"990","lu_area_464","2021",100,0
"991","lu_area_465","2016",100,0
"992","lu_area_465","2021",100,0
"993","lu_area_466","2016",34.64,65.36
"994","lu_area_466","2021",55.56,44.44
"995","lu_area_467","2016",100,0
"996","lu_area_467","2021",100,0
"997","lu_area_468","2016",100,0
"998","lu_area_468","2021",100,0
"999","lu_area_469","2016",100,0
"1000","lu_area_469","2021",100,0
"1001","lu_area_470","2016",100,0
"1002","lu_area_470","2021",100,0
"1003","lu_area_471","2016",100,0
"1004","lu_area_471","2021",100,0
"1005","lu_area_472","2016",100,0
"1006","lu_area_472","2021",100,0
"1007","lu_area_473","2016",91.67,8.33
"1008","lu_area_473","2021",95.83,4.17
"1009","lu_area_474","2016",100,0
"1010","lu_area_474","2021",100,0
"1011","lu_area_475","2016",99.8,0.2
"1012","lu_area_475","2021",99.9,0.1
"1013","lu_area_476","2016",85.71,14.29
"1014","lu_area_476","2021",85.71,14.29
"1015","lu_area_477","2016",76.92,23.08
"1016","lu_area_477","2021",100,0
"1017","lu_area_478","2016",100,0
"1018","lu_area_478","2021",100,0
"1019","lu_area_479","2016",100,0
"1020","lu_area_479","2021",100,0
"1021","lu_area_480","2016",100,0
"1022","lu_area_480","2021",100,0
"1023","lu_area_481","2016",100,0
"1024","lu_area_481","2021",100,0
"1025","lu_area_482","2016",100,0
"1026","lu_area_482","2021",100,0
"1027","lu_area_483","2016",100,0
"1028","lu_area_483","2021",100,0
"1029","lu_area_484","2016",100,0
"1030","lu_area_484","2021",100,0
"1031","lu_area_485","2016",100,0
"1032","lu_area_485","2021",100,0
"1033","lu_area_486","2016",100,0
"1034","lu_area_486","2021",100,0
"1035","lu_area_487","2016",100,0
"1036","lu_area_487","2021",100,0
"1037","lu_area_488","2016",99.27,0.73
"1038","lu_area_488","2021",92.7,7.3
"1039","lu_area_489","2016",100,0
"1040","lu_area_489","2021",100,0
"1041","lu_area_490","2016",94.44,5.56
"1042","lu_area_490","2021",94.44,5.56
"1043","lu_area_491","2016",98.36,1.64
"1044","lu_area_491","2021",98.36,1.64
"1045","lu_area_492","2016",100,0
"1046","lu_area_492","2021",100,0
"1047","lu_area_493","2016",99.3,0.7
"1048","lu_area_493","2021",100,0
"1049","lu_area_494","2016",93.33,6.67
"1050","lu_area_494","2021",91.67,8.33
"1051","lu_area_495","2016",84.41,15.59
"1052","lu_area_495","2021",92.4,7.6
"1053","lu_area_496","2016",97.09,2.91
"1054","lu_area_496","2021",97.09,2.91
"1055","lu_area_497","2016",81.82,18.18
"1056","lu_area_497","2021",90.91,9.09
"1057","lu_area_498","2016",100,0
"1058","lu_area_498","2021",100,0
"1059","lu_area_499","2016",100,0
"1060","lu_area_499","2021",100,0
"1061","lu_area_500","2016",100,0
"1062","lu_area_500","2021",100,0
"1063","lu_area_501","2016",100,0
"1064","lu_area_501","2021",100,0
"1065","lu_area_502","2016",72.4,27.6
"1066","lu_area_502","2021",78.93,21.07
"1067","lu_area_503","2016",88.89,11.11
"1068","lu_area_503","2021",97.22,2.78
"1069","lu_area_504","2016",100,0
"1070","lu_area_504","2021",100,0
"1071","lu_area_505","2016",70.73,29.27
"1072","lu_area_505","2021",72.47,27.53
"1073","lu_area_506","2016",66.67,33.33
"1074","lu_area_506","2021",66.67,33.33
"1075","lu_area_507","2016",89.33,10.67
"1076","lu_area_507","2021",98.67,1.33
"1077","lu_area_508","2016",100,0
"1078","lu_area_508","2021",40,60
"1079","lu_area_509","2016",100,0
"1080","lu_area_509","2021",100,0
"1081","lu_area_510","2016",100,0
"1082","lu_area_510","2021",100,0
"1083","lu_area_511","2016",100,0
"1084","lu_area_511","2021",100,0
"1085","lu_area_512","2016",78.57,21.43
"1086","lu_area_512","2021",100,0
"1087","lu_area_513","2016",99.3,0.7
"1088","lu_area_513","2021",100,0
"1089","lu_area_514","2016",100,0
"1090","lu_area_514","2021",100,0
"1091","lu_area_515","2016",100,0
"1092","lu_area_515","2021",100,0
"1093","lu_area_516","2016",100,0
"1094","lu_area_516","2021",66.67,33.33
"1095","lu_area_517","2016",100,0
"1096","lu_area_517","2021",91.67,8.33
"1097","lu_area_518","2016",100,0
"1098","lu_area_518","2021",100,0
"1099","lu_area_519","2016",85.37,14.63
"1100","lu_area_519","2021",100,0
"1101","lu_area_520","2016",100,0
"1102","lu_area_520","2021",100,0
"1103","lu_area_521","2016",100,0
"1104","lu_area_521","2021",90.91,9.09
"1105","lu_area_522","2016",66.67,33.33
"1106","lu_area_522","2021",33.33,66.67
"1107","lu_area_523","2016",100,0
"1108","lu_area_523","2021",100,0
"1109","lu_area_524","2016",83.33,16.67
"1110","lu_area_524","2021",100,0
"1111","lu_area_525","2016",100,0
"1112","lu_area_525","2021",100,0
"1113","lu_area_526","2016",57.14,42.86
"1114","lu_area_526","2021",42.86,57.14
"1115","lu_area_527","2016",85.25,14.75
"1116","lu_area_527","2021",78.69,21.31
"1117","lu_area_528","2016",100,0
"1118","lu_area_528","2021",100,0
"1119","lu_area_529","2016",61.9,38.1
"1120","lu_area_529","2021",64.29,35.71
"1121","lu_area_530","2016",90.6,9.4
"1122","lu_area_530","2021",95.4,4.6
"1123","lu_area_531","2016",100,0
"1124","lu_area_531","2021",100,0
"1125","lu_area_532","2016",83.33,16.67
"1126","lu_area_532","2021",100,0
"1127","lu_area_533","2016",100,0
"1128","lu_area_533","2021",100,0
"1129","lu_area_534","2016",61.33,38.67
"1130","lu_area_534","2021",73.48,26.52
"1131","lu_area_535","2016",100,0
"1132","lu_area_535","2021",100,0
"1133","lu_area_536","2016",100,0
"1134","lu_area_536","2021",100,0
"1135","lu_area_537","2016",95.98,4.02
"1136","lu_area_537","2021",97.99,2.01
"1137","lu_area_538","2016",99.14,0.86
"1138","lu_area_538","2021",98.28,1.72
"1139","lu_area_539","2016",100,0
"1140","lu_area_539","2021",100,0
"1141","lu_area_540","2016",90,10
"1142","lu_area_540","2021",100,0
"1143","lu_area_541","2016",100,0
"1144","lu_area_541","2021",100,0
"1145","lu_area_542","2016",92.66,7.34
"1146","lu_area_542","2021",96.53,3.47
"1147","lu_area_543","2016",100,0
"1148","lu_area_543","2021",100,0
"1149","lu_area_544","2016",100,0
"1150","lu_area_544","2021",100,0
"1151","lu_area_545","2016",100,0
"1152","lu_area_545","2021",100,0
"1153","lu_area_546","2016",100,0
"1154","lu_area_546","2021",100,0
"1155","lu_area_547","2016",100,0
"1156","lu_area_547","2021",100,0
"1157","lu_area_548","2016",82.77,17.23
"1158","lu_area_548","2021",82.42,17.58
"1159","lu_area_549","2016",100,0
"1160","lu_area_549","2021",85.19,14.81
"1161","lu_area_550","2016",100,0
"1162","lu_area_550","2021",100,0
"1163","lu_area_551","2016",100,0
"1164","lu_area_551","2021",83.33,16.67
"1165","lu_area_552","2016",95.31,4.69
"1166","lu_area_552","2021",98.44,1.56
"1167","lu_area_553","2016",92.37,7.63
"1168","lu_area_553","2021",95.76,4.24
"1169","lu_area_554","2016",100,0
"1170","lu_area_554","2021",100,0
"1171","lu_area_555","2016",100,0
"1172","lu_area_555","2021",100,0
"1173","lu_area_556","2016",0,100
"1174","lu_area_556","2021",100,0
"1175","lu_area_557","2016",100,0
"1176","lu_area_557","2021",100,0
"1177","lu_area_558","2016",91.67,8.33
"1178","lu_area_558","2021",93.75,6.25
"1179","lu_area_559","2016",100,0
"1180","lu_area_559","2021",100,0
"1181","lu_area_560","2016",100,0
"1182","lu_area_560","2021",95.56,4.44
"1183","lu_area_561","2016",80,20
"1184","lu_area_561","2021",100,0
"1185","lu_area_562","2016",100,0
"1186","lu_area_562","2021",98.21,1.79
"1187","lu_area_563","2016",100,0
"1188","lu_area_563","2021",100,0
"1189","lu_area_564","2016",100,0
"1190","lu_area_564","2021",97.92,2.08
"1191","lu_area_565","2016",99.5,0.5
"1192","lu_area_565","2021",100,0
"1193","lu_area_566","2016",100,0
"1194","lu_area_566","2021",100,0
"1195","lu_area_567","2016",72.22,27.78
"1196","lu_area_567","2021",86.11,13.89
"1197","lu_area_568","2016",100,0
"1198","lu_area_568","2021",100,0
"1199","lu_area_569","2016",100,0
"1200","lu_area_569","2021",100,0
"1201","lu_area_570","2016",85.37,14.63
"1202","lu_area_570","2021",90.24,9.76
"1203","lu_area_571","2016",100,0
"1204","lu_area_571","2021",100,0
"1205","lu_area_572","2016",100,0
"1206","lu_area_572","2021",100,0
"1207","lu_area_573","2016",100,0
"1208","lu_area_573","2021",100,0
"1209","lu_area_574","2016",50,50
"1210","lu_area_574","2021",54.17,45.83
"1211","lu_area_575","2016",100,0
"1212","lu_area_575","2021",100,0
"1213","lu_area_576","2016",100,0
"1214","lu_area_576","2021",56.25,43.75
"1215","lu_area_577","2016",99.19,0.81
"1216","lu_area_577","2021",98.39,1.61
"1217","lu_area_578","2016",100,0
"1218","lu_area_578","2021",100,0
"1219","lu_area_579","2016",100,0
"1220","lu_area_579","2021",100,0
"1221","lu_area_580","2016",100,0
"1222","lu_area_580","2021",94.59,5.41
"1223","lu_area_581","2016",72.97,27.03
"1224","lu_area_581","2021",83.78,16.22
"1225","lu_area_583","2016",100,0
"1226","lu_area_583","2021",100,0
"1227","lu_area_584","2016",100,0
"1228","lu_area_584","2021",100,0
"1229","lu_area_585","2016",100,0
"1230","lu_area_585","2021",100,0
"1231","lu_area_586","2016",92.31,7.69
"1232","lu_area_586","2021",53.85,46.15
"1233","lu_area_587","2016",100,0
"1234","lu_area_587","2021",100,0
"1235","lu_area_588","2016",85.71,14.29
"1236","lu_area_588","2021",85.71,14.29
"1237","lu_area_590","2016",100,0
"1238","lu_area_590","2021",93.33,6.67
"1239","lu_area_591","2016",71.21,28.79
"1240","lu_area_591","2021",80.3,19.7
"1241","lu_area_592","2016",100,0
"1242","lu_area_592","2021",100,0
"1243","lu_area_593","2016",52.17,47.83
"1244","lu_area_593","2021",43.48,56.52
"1245","lu_area_594","2016",0,100
"1246","lu_area_594","2021",0,100
"1247","lu_area_595","2016",95,5
"1248","lu_area_595","2021",80,20
"1249","lu_area_596","2016",77.44,22.56
"1250","lu_area_596","2021",73.85,26.15
"1251","lu_area_597","2016",80.59,19.41
"1252","lu_area_597","2021",84.12,15.88
"1253","lu_area_598","2016",57.89,42.11
"1254","lu_area_598","2021",78.95,21.05
"1255","lu_area_599","2016",91.76,8.24
"1256","lu_area_599","2021",92.94,7.06
"1257","lu_area_600","2016",100,0
"1258","lu_area_600","2021",100,0
"1259","lu_area_601","2016",100,0
"1260","lu_area_601","2021",100,0
"1261","lu_area_602","2016",100,0
"1262","lu_area_602","2021",100,0
"1263","lu_area_603","2016",100,0
"1264","lu_area_603","2021",100,0
"1265","lu_area_604","2016",100,0
"1266","lu_area_604","2021",100,0
"1267","lu_area_605","2016",48.28,51.72
"1268","lu_area_605","2021",46.55,53.45
"1269","lu_area_606","2016",100,0
"1270","lu_area_606","2021",100,0
"1271","lu_area_607","2016",100,0
"1272","lu_area_607","2021",100,0
"1273","lu_area_608","2016",98.5,1.5
"1274","lu_area_608","2021",98.5,1.5
"1275","lu_area_609","2016",94.74,5.26
"1276","lu_area_609","2021",97.64,2.36
"1277","lu_area_610","2016",83.7,16.3
"1278","lu_area_610","2021",95.65,4.35
"1279","lu_area_611","2016",29.79,70.21
"1280","lu_area_611","2021",42.55,57.45
"1281","lu_area_612","2016",100,0
"1282","lu_area_612","2021",100,0
"1283","lu_area_614","2016",43.75,56.25
"1284","lu_area_614","2021",47.92,52.08
"1285","lu_area_615","2016",65.52,34.48
"1286","lu_area_615","2021",62.07,37.93
"1287","lu_area_616","2016",18.75,81.25
"1288","lu_area_616","2021",12.5,87.5
"1289","lu_area_617","2016",84.62,15.38
"1290","lu_area_617","2021",80.77,19.23
"1291","lu_area_618","2016",64.29,35.71
"1292","lu_area_618","2021",83.33,16.67
"1293","lu_area_619","2016",44.44,55.56
"1294","lu_area_619","2021",27.78,72.22
"1295","lu_area_620","2016",100,0
"1296","lu_area_620","2021",100,0
"1297","lu_area_621","2016",50,50
"1298","lu_area_621","2021",100,0
"1299","lu_area_622","2016",96.77,3.23
"1300","lu_area_622","2021",93.55,6.45
"1301","lu_area_623","2016",100,0
"1302","lu_area_623","2021",100,0
"1303","lu_area_624","2016",50,50
"1304","lu_area_624","2021",100,0
"1305","lu_area_625","2016",100,0
"1306","lu_area_625","2021",100,0
"1307","lu_area_626","2016",88.83,11.17
"1308","lu_area_626","2021",91.49,8.51
"1309","lu_area_627","2016",100,0
"1310","lu_area_627","2021",100,0
"1311","lu_area_629","2016",100,0
"1312","lu_area_629","2021",100,0
"1313","lu_area_630","2016",100,0
"1314","lu_area_630","2021",100,0
"1315","lu_area_631","2016",100,0
"1316","lu_area_631","2021",100,0
"1317","lu_area_632","2016",100,0
"1318","lu_area_632","2021",100,0
"1319","lu_area_633","2016",82.69,17.31
"1320","lu_area_633","2021",88.46,11.54
"1321","lu_area_634","2016",100,0
"1322","lu_area_634","2021",100,0
"1323","lu_area_635","2016",100,0
"1324","lu_area_635","2021",100,0
"1325","lu_area_636","2016",100,0
"1326","lu_area_636","2021",100,0
"1327","lu_area_637","2016",100,0
"1328","lu_area_637","2021",98.92,1.08
"1329","lu_area_638","2016",100,0
"1330","lu_area_638","2021",100,0
"1331","lu_area_639","2016",100,0
"1332","lu_area_639","2021",100,0
"1333","lu_area_640","2016",100,0
"1334","lu_area_640","2021",100,0
"1335","lu_area_641","2016",100,0
"1336","lu_area_641","2021",100,0
"1337","lu_area_642","2016",88.6,11.4
"1338","lu_area_642","2021",96.49,3.51
"1339","lu_area_643","2016",100,0
"1340","lu_area_643","2021",100,0
"1341","lu_area_644","2016",100,0
"1342","lu_area_644","2021",100,0
"1343","lu_area_645","2016",100,0
"1344","lu_area_645","2021",98.57,1.43
"1345","lu_area_646","2016",100,0
"1346","lu_area_646","2021",100,0
"1347","lu_area_647","2016",100,0
"1348","lu_area_647","2021",100,0
"1349","lu_area_648","2016",100,0
"1350","lu_area_648","2021",100,0
"1351","lu_area_649","2016",100,0
"1352","lu_area_649","2021",100,0
"1353","lu_area_650","2016",100,0
"1354","lu_area_650","2021",100,0
"1355","lu_area_651","2016",82.44,17.56
"1356","lu_area_651","2021",93.91,6.09
"1357","lu_area_652","2016",77.08,22.92
"1358","lu_area_652","2021",79.17,20.83
"1359","lu_area_653","2016",68.32,31.68
"1360","lu_area_653","2021",75.89,24.11
"1361","lu_area_654","2016",100,0
"1362","lu_area_654","2021",66.67,33.33
"1363","lu_area_655","2016",100,0
"1364","lu_area_655","2021",100,0
"1365","lu_area_656","2016",94.66,5.34
"1366","lu_area_656","2021",83.72,16.28
"1367","lu_area_657","2016",100,0
"1368","lu_area_657","2021",100,0
"1369","lu_area_658","2016",100,0
"1370","lu_area_658","2021",100,0
"1371","lu_area_659","2016",100,0
"1372","lu_area_659","2021",100,0
"1373","lu_area_660","2016",100,0
"1374","lu_area_660","2021",100,0
"1375","lu_area_661","2016",97.16,2.84
"1376","lu_area_661","2021",97.3,2.7
"1377","lu_area_662","2016",100,0
"1378","lu_area_662","2021",100,0
"1379","lu_area_663","2016",100,0
"1380","lu_area_663","2021",100,0
"1381","lu_area_664","2016",100,0
"1382","lu_area_664","2021",100,0
"1383","lu_area_665","2016",98.95,1.05
"1384","lu_area_665","2021",96.86,3.14
"1385","lu_area_666","2016",83.33,16.67
"1386","lu_area_666","2021",100,0
"1387","lu_area_667","2016",100,0
"1388","lu_area_667","2021",100,0
"1389","lu_area_668","2016",100,0
"1390","lu_area_668","2021",100,0
"1391","lu_area_669","2016",100,0
"1392","lu_area_669","2021",100,0
"1393","lu_area_670","2016",100,0
"1394","lu_area_670","2021",100,0
"1395","lu_area_671","2016",100,0
"1396","lu_area_671","2021",100,0
"1397","lu_area_672","2016",100,0
"1398","lu_area_672","2021",100,0
"1399","lu_area_673","2016",100,0
"1400","lu_area_673","2021",100,0
"1401","lu_area_674","2016",100,0
"1402","lu_area_674","2021",100,0
"1403","lu_area_675","2016",100,0
"1404","lu_area_675","2021",100,0
"1405","lu_area_676","2016",100,0
"1406","lu_area_676","2021",100,0
"1407","lu_area_678","2016",90,10
"1408","lu_area_678","2021",100,0
"1409","lu_area_679","2016",100,0
"1410","lu_area_679","2021",100,0
"1411","lu_area_681","2016",66.67,33.33
"1412","lu_area_681","2021",100,0
"1413","lu_area_682","2016",100,0
"1414","lu_area_682","2021",100,0
"1415","lu_area_683","2016",84.38,15.62
"1416","lu_area_683","2021",96.88,3.12
"1417","lu_area_684","2016",100,0
"1418","lu_area_684","2021",100,0
"1419","lu_area_685","2016",93.75,6.25
"1420","lu_area_685","2021",100,0
"1421","lu_area_686","2016",100,0
"1422","lu_area_686","2021",98.72,1.28
"1423","lu_area_687","2016",100,0
"1424","lu_area_687","2021",100,0
"1425","lu_area_688","2016",50,50
"1426","lu_area_688","2021",25,75
"1427","lu_area_689","2016",100,0
"1428","lu_area_689","2021",100,0
"1429","lu_area_690","2016",91.35,8.65
"1430","lu_area_690","2021",87.5,12.5
"1431","lu_area_691","2016",100,0
"1432","lu_area_691","2021",100,0
"1433","lu_area_693","2016",77.05,22.95
"1434","lu_area_693","2021",88.52,11.48
"1435","lu_area_694","2016",91.67,8.33
"1436","lu_area_694","2021",100,0
"1437","lu_area_695","2016",100,0
"1438","lu_area_695","2021",100,0
"1439","lu_area_696","2016",100,0
"1440","lu_area_696","2021",90,10
"1441","lu_area_697","2016",100,0
"1442","lu_area_697","2021",100,0
"1443","lu_area_698","2016",100,0
"1444","lu_area_698","2021",100,0
"1445","lu_area_699","2016",100,0
"1446","lu_area_699","2021",100,0
"1447","lu_area_700","2016",58.82,41.18
"1448","lu_area_700","2021",76.47,23.53
"1449","lu_area_701","2016",73.94,26.06
"1450","lu_area_701","2021",86.67,13.33
"1451","lu_area_702","2016",100,0
"1452","lu_area_702","2021",100,0
"1453","lu_area_703","2016",58.42,41.58
"1454","lu_area_703","2021",81.19,18.81
"1455","lu_area_704","2016",100,0
"1456","lu_area_704","2021",100,0
"1457","lu_area_705","2016",100,0
"1458","lu_area_705","2021",100,0
"1459","lu_area_706","2016",100,0
"1460","lu_area_706","2021",100,0
"1461","lu_area_707","2016",98.95,1.05
"1462","lu_area_707","2021",100,0
"1463","lu_area_708","2016",75,25
"1464","lu_area_708","2021",75,25
"1465","lu_area_709","2016",100,0
"1466","lu_area_709","2021",100,0
"1467","lu_area_710","2016",100,0
"1468","lu_area_710","2021",85.71,14.29
"1469","lu_area_712","2016",100,0
"1470","lu_area_712","2021",100,0
"1471","lu_area_713","2016",98.88,1.12
"1472","lu_area_713","2021",99.55,0.45
"1473","lu_area_714","2016",100,0
"1474","lu_area_714","2021",100,0
"1475","lu_area_715","2016",100,0
"1476","lu_area_715","2021",100,0
"1477","lu_area_716","2016",100,0
"1478","lu_area_716","2021",100,0
"1479","lu_area_717","2016",72.29,27.71
"1480","lu_area_717","2021",87.95,12.05
"1481","lu_area_718","2016",97.01,2.99
"1482","lu_area_718","2021",97.01,2.99
"1483","lu_area_719","2016",100,0
"1484","lu_area_719","2021",100,0
"1485","lu_area_720","2016",100,0
"1486","lu_area_720","2021",100,0
"1487","lu_area_721","2016",91.67,8.33
"1488","lu_area_721","2021",100,0
"1489","lu_area_722","2016",99.4,0.6
"1490","lu_area_722","2021",99.64,0.36
"1491","lu_area_723","2016",35.56,64.44
"1492","lu_area_723","2021",71.11,28.89
"1493","lu_area_724","2016",100,0
"1494","lu_area_724","2021",100,0
"1495","lu_area_725","2016",100,0
"1496","lu_area_725","2021",100,0
"1497","lu_area_726","2016",96.51,3.49
"1498","lu_area_726","2021",98.84,1.16
"1499","lu_area_727","2016",94.55,5.45
"1500","lu_area_727","2021",96.36,3.64
"1501","lu_area_728","2016",100,0
"1502","lu_area_728","2021",100,0
"1503","lu_area_729","2016",35.71,64.29
"1504","lu_area_729","2021",57.14,42.86
"1505","lu_area_730","2016",90.58,9.42
"1506","lu_area_730","2021",92.8,7.2
"1507","lu_area_731","2016",100,0
"1508","lu_area_731","2021",100,0
"1509","lu_area_732","2016",83.33,16.67
"1510","lu_area_732","2021",100,0
"1511","lu_area_733","2016",100,0
"1512","lu_area_733","2021",100,0
"1513","lu_area_734","2016",50,50
"1514","lu_area_734","2021",0,100
"1515","lu_area_735","2016",100,0
"1516","lu_area_735","2021",100,0
"1517","lu_area_736","2016",100,0
"1518","lu_area_736","2021",100,0
"1519","lu_area_737","2016",100,0
"1520","lu_area_737","2021",100,0
"1521","lu_area_738","2016",100,0
"1522","lu_area_738","2021",100,0
"1523","lu_area_739","2016",70.93,29.07
"1524","lu_area_739","2021",62.4,37.6
"1525","lu_area_740","2016",100,0
"1526","lu_area_740","2021",100,0
"1527","lu_area_741","2016",100,0
"1528","lu_area_741","2021",92.31,7.69
"1529","lu_area_742","2016",100,0
"1530","lu_area_742","2021",100,0
"1531","lu_area_743","2016",100,0
"1532","lu_area_743","2021",83.33,16.67
"1533","lu_area_744","2016",100,0
"1534","lu_area_744","2021",89.47,10.53
"1535","lu_area_745","2016",4.11,95.89
"1536","lu_area_745","2021",5.17,94.83
"1537","lu_area_746","2016",100,0
"1538","lu_area_746","2021",100,0
"1539","lu_area_748","2016",84.04,15.96
"1540","lu_area_748","2021",78.72,21.28
"1541","lu_area_749","2016",100,0
"1542","lu_area_749","2021",100,0
"1543","lu_area_750","2016",98.08,1.92
"1544","lu_area_750","2021",92.09,7.91
"1545","lu_area_751","2016",100,0
"1546","lu_area_751","2021",100,0
"1547","lu_area_752","2016",61.45,38.55
"1548","lu_area_752","2021",79.52,20.48
"1549","lu_area_753","2016",100,0
"1550","lu_area_753","2021",100,0
"1551","lu_area_754","2016",57.61,42.39
"1552","lu_area_754","2021",59.66,40.34
"1553","lu_area_755","2016",70.33,29.67
"1554","lu_area_755","2021",78.02,21.98
"1555","lu_area_756","2016",82.35,17.65
"1556","lu_area_756","2021",88.24,11.76
"1557","lu_area_757","2016",98.22,1.78
"1558","lu_area_757","2021",98.22,1.78
"1559","lu_area_758","2016",65.81,34.19
"1560","lu_area_758","2021",70.57,29.43
"1561","lu_area_759","2016",100,0
"1562","lu_area_759","2021",100,0
"1563","lu_area_760","2016",94.89,5.11
"1564","lu_area_760","2021",98.72,1.28
"1565","lu_area_761","2016",100,0
"1566","lu_area_761","2021",98.48,1.52
"1567","lu_area_762","2016",100,0
"1568","lu_area_762","2021",100,0
"1569","lu_area_763","2016",100,0
"1570","lu_area_763","2021",100,0
"1571","lu_area_764","2016",100,0
"1572","lu_area_764","2021",100,0
"1573","lu_area_765","2016",100,0
"1574","lu_area_765","2021",100,0
"1575","lu_area_766","2016",100,0
"1576","lu_area_766","2021",100,0
"1577","lu_area_767","2016",100,0
"1578","lu_area_767","2021",100,0
"1579","lu_area_768","2016",100,0
"1580","lu_area_768","2021",100,0
"1581","lu_area_769","2016",50,50
"1582","lu_area_769","2021",80.77,19.23
"1583","lu_area_770","2016",100,0
"1584","lu_area_770","2021",100,0
"1585","lu_area_771","2016",100,0
"1586","lu_area_771","2021",100,0
"1587","lu_area_772","2016",70,30
"1588","lu_area_772","2021",55,45
"1589","lu_area_773","2016",100,0
"1590","lu_area_773","2021",100,0
"1591","lu_area_774","2016",100,0
"1592","lu_area_774","2021",100,0
"1593","lu_area_775","2016",100,0
"1594","lu_area_775","2021",100,0
"1595","lu_area_776","2016",80,20
"1596","lu_area_776","2021",80,20
"1597","lu_area_777","2016",75,25
"1598","lu_area_777","2021",100,0
"1599","lu_area_778","2016",100,0
"1600","lu_area_778","2021",75,25
"1601","lu_area_779","2016",66.67,33.33
"1602","lu_area_779","2021",83.33,16.67
"1603","lu_area_780","2016",100,0
"1604","lu_area_780","2021",93.75,6.25
"1605","lu_area_781","2016",100,0
"1606","lu_area_781","2021",75,25
"1607","lu_area_782","2016",100,0
"1608","lu_area_782","2021",100,0
"1609","lu_area_783","2016",100,0
"1610","lu_area_783","2021",100,0
"1611","lu_area_784","2016",100,0
"1612","lu_area_784","2021",95.45,4.55
"1613","lu_area_785","2016",100,0
"1614","lu_area_785","2021",100,0
"1615","lu_area_786","2016",100,0
"1616","lu_area_786","2021",95.65,4.35
"1617","lu_area_787","2016",100,0
"1618","lu_area_787","2021",100,0
"1619","lu_area_788","2016",100,0
"1620","lu_area_788","2021",100,0
"1621","lu_area_789","2016",100,0
"1622","lu_area_789","2021",92.31,7.69
"1623","lu_area_790","2016",0,100
"1624","lu_area_790","2021",100,0
"1625","lu_area_791","2016",100,0
"1626","lu_area_791","2021",100,0
"1627","lu_area_792","2016",40.78,59.22
"1628","lu_area_792","2021",81.55,18.45
"1629","lu_area_793","2016",100,0
"1630","lu_area_793","2021",95.52,4.48
"1631","lu_area_794","2016",89.02,10.98
"1632","lu_area_794","2021",86.59,13.41
"1633","lu_area_795","2016",100,0
"1634","lu_area_795","2021",100,0
"1635","lu_area_796","2016",100,0
"1636","lu_area_796","2021",92.86,7.14
"1637","lu_area_797","2016",100,0
"1638","lu_area_797","2021",100,0
"1639","lu_area_798","2016",100,0
"1640","lu_area_798","2021",100,0
"1641","lu_area_799","2016",100,0
"1642","lu_area_799","2021",100,0
"1643","lu_area_800","2016",100,0
"1644","lu_area_800","2021",100,0
"1645","lu_area_801","2016",100,0
"1646","lu_area_801","2021",100,0
"1647","lu_area_802","2016",91.47,8.53
"1648","lu_area_802","2021",97.67,2.33
"1649","lu_area_803","2016",100,0
"1650","lu_area_803","2021",100,0
"1651","lu_area_804","2016",100,0
"1652","lu_area_804","2021",100,0
"1653","lu_area_805","2016",100,0
"1654","lu_area_805","2021",92.31,7.69
"1655","lu_area_806","2016",66.2,33.8
"1656","lu_area_806","2021",66.58,33.42
"1657","lu_area_807","2016",100,0
"1658","lu_area_807","2021",100,0
"1659","lu_area_808","2016",85.71,14.29
"1660","lu_area_808","2021",100,0
"1661","lu_area_809","2016",100,0
"1662","lu_area_809","2021",100,0
"1663","lu_area_810","2016",100,0
"1664","lu_area_810","2021",100,0
"1665","lu_area_811","2016",100,0
"1666","lu_area_811","2021",100,0
"1667","lu_area_812","2016",93.33,6.67
"1668","lu_area_812","2021",100,0
"1669","lu_area_813","2016",100,0
"1670","lu_area_813","2021",100,0
"1671","lu_area_814","2016",100,0
"1672","lu_area_814","2021",100,0
"1673","lu_area_815","2016",100,0
"1674","lu_area_815","2021",100,0
"1675","lu_area_816","2016",100,0
"1676","lu_area_816","2021",100,0
"1677","lu_area_817","2016",96.46,3.54
"1678","lu_area_817","2021",98.31,1.69
"1679","lu_area_818","2016",100,0
"1680","lu_area_818","2021",96.3,3.7
"1681","lu_area_819","2016",100,0
"1682","lu_area_819","2021",90,10
"1683","lu_area_820","2016",100,0
"1684","lu_area_820","2021",100,0
"1685","lu_area_821","2016",100,0
"1686","lu_area_821","2021",100,0
"1687","lu_area_822","2016",86.28,13.72
"1688","lu_area_822","2021",94.25,5.75
"1689","lu_area_823","2016",98.1,1.9
"1690","lu_area_823","2021",97.72,2.28
"1691","lu_area_824","2016",100,0
"1692","lu_area_824","2021",100,0
"1693","lu_area_825","2016",82.35,17.65
"1694","lu_area_825","2021",58.82,41.18
"1695","lu_area_826","2016",100,0
"1696","lu_area_826","2021",100,0
"1697","lu_area_827","2016",54.48,45.52
"1698","lu_area_827","2021",71.64,28.36
"1699","lu_area_828","2016",83.33,16.67
"1700","lu_area_828","2021",100,0
"1701","lu_area_829","2016",100,0
"1702","lu_area_829","2021",100,0
"1703","lu_area_830","2016",84,16
"1704","lu_area_830","2021",80,20
"1705","lu_area_831","2016",100,0
"1706","lu_area_831","2021",100,0
"1707","lu_area_832","2016",100,0
"1708","lu_area_832","2021",100,0
"1709","lu_area_833","2016",100,0
"1710","lu_area_833","2021",100,0
"1711","lu_area_834","2016",100,0
"1712","lu_area_834","2021",100,0
"1713","lu_area_835","2016",100,0
"1714","lu_area_835","2021",100,0
"1715","lu_area_836","2016",100,0
"1716","lu_area_836","2021",100,0
"1717","lu_area_837","2016",100,0
"1718","lu_area_837","2021",90,10
"1719","lu_area_838","2016",50,50
"1720","lu_area_838","2021",0,100
"1721","lu_area_839","2016",95.12,4.88
"1722","lu_area_839","2021",90.24,9.76
"1723","lu_area_840","2016",96.92,3.08
"1724","lu_area_840","2021",97.8,2.2
"1725","lu_area_841","2016",76.92,23.08
"1726","lu_area_841","2021",100,0
"1727","lu_area_842","2016",79.35,20.65
"1728","lu_area_842","2021",87.77,12.23
"1729","lu_area_843","2016",100,0
"1730","lu_area_843","2021",100,0
"1731","lu_area_844","2016",100,0
"1732","lu_area_844","2021",100,0
"1733","lu_area_845","2016",100,0
"1734","lu_area_845","2021",100,0
"1735","lu_area_846","2016",100,0
"1736","lu_area_846","2021",100,0
"1737","lu_area_847","2016",100,0
"1738","lu_area_847","2021",100,0
"1739","lu_area_848","2016",100,0
"1740","lu_area_848","2021",100,0
"1741","lu_area_849","2016",92.74,7.26
"1742","lu_area_849","2021",86.75,13.25
"1743","lu_area_850","2016",100,0
"1744","lu_area_850","2021",100,0
"1745","lu_area_851","2016",82.22,17.78
"1746","lu_area_851","2021",84.44,15.56
"1747","lu_area_852","2016",88.89,11.11
"1748","lu_area_852","2021",88.89,11.11
"1749","lu_area_853","2016",100,0
"1750","lu_area_853","2021",100,0
"1751","lu_area_854","2016",100,0
"1752","lu_area_854","2021",100,0
"1753","lu_area_855","2016",100,0
"1754","lu_area_855","2021",100,0
"1755","lu_area_856","2016",97.96,2.04
"1756","lu_area_856","2021",97.96,2.04
"1757","lu_area_857","2016",100,0
"1758","lu_area_857","2021",100,0
"1759","lu_area_858","2016",100,0
"1760","lu_area_858","2021",100,0
"1761","lu_area_859","2016",100,0
"1762","lu_area_859","2021",100,0
"1763","lu_area_860","2016",20,80
"1764","lu_area_860","2021",40,60
"1765","lu_area_861","2016",96.47,3.53
"1766","lu_area_861","2021",92.94,7.06
"1767","lu_area_862","2016",91.52,8.48
"1768","lu_area_862","2021",90.3,9.7
"1769","lu_area_863","2016",92.09,7.91
"1770","lu_area_863","2021",93.95,6.05
"1771","lu_area_864","2016",100,0
"1772","lu_area_864","2021",100,0
"1773","lu_area_865","2016",92.84,7.16
"1774","lu_area_865","2021",97.55,2.45
"1775","lu_area_866","2016",100,0
"1776","lu_area_866","2021",100,0
"1777","lu_area_867","2016",93.33,6.67
"1778","lu_area_867","2021",88.33,11.67
"1779","lu_area_868","2016",100,0
"1780","lu_area_868","2021",100,0
"1781","lu_area_869","2016",100,0
"1782","lu_area_869","2021",100,0
"1783","lu_area_870","2016",96.34,3.66
"1784","lu_area_870","2021",93.19,6.81
"1785","lu_area_871","2016",100,0
"1786","lu_area_871","2021",100,0
"1787","lu_area_872","2016",87.88,12.12
"1788","lu_area_872","2021",96.97,3.03
"1789","lu_area_873","2016",100,0
"1790","lu_area_873","2021",94.37,5.63
"1791","lu_area_874","2016",87.74,12.26
"1792","lu_area_874","2021",83.65,16.35
"1793","lu_area_875","2016",100,0
"1794","lu_area_875","2021",85.71,14.29
"1795","lu_area_876","2016",96.64,3.36
"1796","lu_area_876","2021",100,0
"1797","lu_area_877","2016",82.22,17.78
"1798","lu_area_877","2021",96.67,3.33
"1799","lu_area_878","2016",100,0
"1800","lu_area_878","2021",50,50
"1801","lu_area_879","2016",92.31,7.69
"1802","lu_area_879","2021",88.46,11.54
"1803","lu_area_880","2016",100,0
"1804","lu_area_880","2021",100,0
"1805","lu_area_881","2016",100,0
"1806","lu_area_881","2021",100,0
"1807","lu_area_882","2016",100,0
"1808","lu_area_882","2021",100,0
"1809","lu_area_883","2016",86.73,13.27
"1810","lu_area_883","2021",77.88,22.12
"1811","lu_area_884","2016",100,0
"1812","lu_area_884","2021",100,0
"1813","lu_area_885","2016",100,0
"1814","lu_area_885","2021",83.33,16.67
"1815","lu_area_886","2016",90.91,9.09
"1816","lu_area_886","2021",96.97,3.03
"1817","lu_area_887","2016",96.83,3.17
"1818","lu_area_887","2021",96.83,3.17
"1819","lu_area_888","2016",100,0
"1820","lu_area_888","2021",100,0
"1821","lu_area_889","2016",95.4,4.6
"1822","lu_area_889","2021",77.01,22.99
"1823","lu_area_890","2016",100,0
"1824","lu_area_890","2021",100,0
"1825","lu_area_891","2016",98.11,1.89
"1826","lu_area_891","2021",98.11,1.89
"1827","lu_area_892","2016",75,25
"1828","lu_area_892","2021",75,25
"1829","lu_area_893","2016",100,0
"1830","lu_area_893","2021",94.23,5.77
"1831","lu_area_894","2016",18.87,81.13
"1832","lu_area_894","2021",34.23,65.77
"1833","lu_area_895","2016",100,0
"1834","lu_area_895","2021",100,0
"1835","lu_area_897","2016",84.94,15.06
"1836","lu_area_897","2021",90.36,9.64
"1837","lu_area_898","2016",60,40
"1838","lu_area_898","2021",90,10
"1839","lu_area_899","2016",100,0
"1840","lu_area_899","2021",100,0
"1841","lu_area_900","2016",99.01,0.99
"1842","lu_area_900","2021",99.01,0.99
"1843","lu_area_901","2016",98.55,1.45
"1844","lu_area_901","2021",99.42,0.58
"1845","lu_area_902","2016",100,0
"1846","lu_area_902","2021",100,0
"1847","lu_area_903","2016",100,0
"1848","lu_area_903","2021",100,0
"1849","lu_area_904","2016",91.86,8.14
"1850","lu_area_904","2021",97.67,2.33
"1851","lu_area_905","2016",90.91,9.09
"1852","lu_area_905","2021",94.21,5.79
"1853","lu_area_906","2016",100,0
"1854","lu_area_906","2021",100,0
"1855","lu_area_907","2016",100,0
"1856","lu_area_907","2021",100,0
"1857","lu_area_908","2016",100,0
"1858","lu_area_908","2021",100,0
"1859","lu_area_909","2016",100,0
"1860","lu_area_909","2021",100,0
"1861","lu_area_910","2016",100,0
"1862","lu_area_910","2021",100,0
"1863","lu_area_911","2016",80,20
"1864","lu_area_911","2021",80,20
"1865","lu_area_912","2016",89.47,10.53
"1866","lu_area_912","2021",94.74,5.26
"1867","lu_area_913","2016",97.98,2.02
"1868","lu_area_913","2021",100,0
"1869","lu_area_914","2016",100,0
"1870","lu_area_914","2021",100,0
"1871","lu_area_915","2016",94.12,5.88
"1872","lu_area_915","2021",94.12,5.88
"1873","lu_area_916","2016",100,0
"1874","lu_area_916","2021",100,0
"1875","lu_area_917","2016",80.67,19.33
"1876","lu_area_917","2021",84.87,15.13
"1877","lu_area_918","2016",87.5,12.5
"1878","lu_area_918","2021",100,0
"1879","lu_area_919","2016",72.73,27.27
"1880","lu_area_919","2021",100,0
"1881","lu_area_920","2016",100,0
"1882","lu_area_920","2021",100,0
"1883","lu_area_921","2016",100,0
"1884","lu_area_921","2021",95.83,4.17
"1885","lu_area_922","2016",100,0
"1886","lu_area_922","2021",95.65,4.35
"1887","lu_area_923","2016",94.48,5.52
"1888","lu_area_923","2021",92.74,7.26
"1889","lu_area_924","2016",100,0
"1890","lu_area_924","2021",100,0
"1891","lu_area_925","2016",100,0
"1892","lu_area_925","2021",100,0
"1893","lu_area_926","2016",100,0
"1894","lu_area_926","2021",99.59,0.41
"1895","lu_area_927","2016",100,0
"1896","lu_area_927","2021",100,0
"1897","lu_area_928","2016",100,0
"1898","lu_area_928","2021",100,0
"1899","lu_area_929","2016",85.6,14.4
"1900","lu_area_929","2021",90.82,9.18
"1901","lu_area_930","2016",100,0
"1902","lu_area_930","2021",100,0
"1903","lu_area_931","2016",63.53,36.47
"1904","lu_area_931","2021",58.82,41.18
"1905","lu_area_932","2016",92.63,7.37
"1906","lu_area_932","2021",94.74,5.26
"1907","lu_area_933","2016",100,0
"1908","lu_area_933","2021",100,0
"1909","lu_area_934","2016",100,0
"1910","lu_area_934","2021",100,0
"1911","lu_area_935","2016",100,0
"1912","lu_area_935","2021",100,0
"1913","lu_area_936","2016",100,0
"1914","lu_area_936","2021",100,0
"1915","lu_area_937","2016",100,0
"1916","lu_area_937","2021",100,0
"1917","lu_area_938","2016",19.13,80.87
"1918","lu_area_938","2021",70.18,29.82
"1919","lu_area_939","2016",92.31,7.69
"1920","lu_area_939","2021",100,0
"1921","lu_area_940","2016",21.16,78.84
"1922","lu_area_940","2021",59.26,40.74
"1923","lu_area_941","2016",50,50
"1924","lu_area_941","2021",75,25
"1925","lu_area_942","2016",89.47,10.53
"1926","lu_area_942","2021",93.42,6.58
"1927","lu_area_943","2016",100,0
"1928","lu_area_943","2021",100,0
"1929","lu_area_944","2016",100,0
"1930","lu_area_944","2021",100,0
"1931","lu_area_945","2016",100,0
"1932","lu_area_945","2021",100,0
"1933","lu_area_946","2016",100,0
"1934","lu_area_946","2021",100,0
"1935","lu_area_947","2016",100,0
"1936","lu_area_947","2021",100,0
"1937","lu_area_948","2016",100,0
"1938","lu_area_948","2021",100,0
"1939","lu_area_949","2016",94.89,5.11
"1940","lu_area_949","2021",99.84,0.16
"1941","lu_area_950","2016",100,0
"1942","lu_area_950","2021",100,0
"1943","lu_area_951","2016",98.48,1.52
"1944","lu_area_951","2021",100,0
"1945","lu_area_952","2016",93.13,6.87
"1946","lu_area_952","2021",98.08,1.92
"1947","lu_area_953","2016",100,0
"1948","lu_area_953","2021",100,0
"1949","lu_area_954","2016",100,0
"1950","lu_area_954","2021",100,0
"1951","lu_area_955","2016",100,0
"1952","lu_area_955","2021",100,0
"1953","lu_area_956","2016",100,0
"1954","lu_area_956","2021",100,0
"1955","lu_area_957","2016",100,0
"1956","lu_area_957","2021",100,0
"1957","lu_area_958","2016",0,100
"1958","lu_area_958","2021",100,0
"1959","lu_area_959","2016",76.89,23.11
"1960","lu_area_959","2021",90.85,9.15
"1961","lu_area_960","2016",77.19,22.81
"1962","lu_area_960","2021",84.21,15.79
"1963","lu_area_961","2016",100,0
"1964","lu_area_961","2021",100,0
"1965","lu_area_962","2016",100,0
"1966","lu_area_962","2021",100,0
"1967","lu_area_963","2016",84.06,15.94
"1968","lu_area_963","2021",92.75,7.25
"1969","lu_area_964","2016",100,0
"1970","lu_area_964","2021",100,0
"1971","lu_area_965","2016",94.65,5.35
"1972","lu_area_965","2021",99.51,0.49
"1973","lu_area_966","2016",99.18,0.82
"1974","lu_area_966","2021",99.18,0.82
"1975","lu_area_967","2016",100,0
"1976","lu_area_967","2021",100,0
"1977","lu_area_968","2016",100,0
"1978","lu_area_968","2021",100,0
"1979","lu_area_969","2016",100,0
"1980","lu_area_969","2021",100,0
"1981","lu_area_970","2016",100,0
"1982","lu_area_970","2021",100,0
"1983","lu_area_971","2016",100,0
"1984","lu_area_971","2021",100,0
"1985","lu_area_972","2016",99.34,0.66
"1986","lu_area_972","2021",99.34,0.66
"1987","lu_area_973","2016",96,4
"1988","lu_area_973","2021",97.33,2.67
"1989","lu_area_974","2016",86.96,13.04
"1990","lu_area_974","2021",94.57,5.43
"1991","lu_area_975","2016",100,0
"1992","lu_area_975","2021",100,0
"1993","lu_area_976","2016",100,0
"1994","lu_area_976","2021",100,0
"1995","lu_area_977","2016",100,0
"1996","lu_area_977","2021",100,0
"1997","lu_area_978","2016",99.58,0.42
"1998","lu_area_978","2021",99.58,0.42
"1999","lu_area_979","2016",88.28,11.72
"2000","lu_area_979","2021",99.22,0.78
"2001","lu_area_980","2016",100,0
"2002","lu_area_980","2021",100,0
"2003","lu_area_981","2016",89.26,10.74
"2004","lu_area_981","2021",98.35,1.65
"2005","lu_area_982","2016",98.79,1.21
"2006","lu_area_982","2021",100,0
"2007","lu_area_983","2016",100,0
"2008","lu_area_983","2021",100,0
"2009","lu_area_984","2016",100,0
"2010","lu_area_984","2021",100,0
"2011","lu_area_985","2016",100,0
"2012","lu_area_985","2021",100,0
"2013","lu_area_986","2016",76.19,23.81
"2014","lu_area_986","2021",100,0
"2015","lu_area_987","2016",100,0
"2016","lu_area_987","2021",100,0
"2017","lu_area_988","2016",100,0
"2018","lu_area_988","2021",100,0
"2019","lu_area_989","2016",71.43,28.57
"2020","lu_area_989","2021",100,0
"2021","lu_area_990","2016",100,0
"2022","lu_area_990","2021",98.46,1.54
"2023","lu_area_991","2016",97.87,2.13
"2024","lu_area_991","2021",100,0
"2025","lu_area_992","2016",90.77,9.23
"2026","lu_area_992","2021",98.46,1.54
"2027","lu_area_993","2016",75.26,24.74
"2028","lu_area_993","2021",86.84,13.16
"2029","lu_area_994","2016",100,0
"2030","lu_area_994","2021",100,0
"2031","lu_area_995","2016",100,0
"2032","lu_area_995","2021",100,0
"2033","lu_area_996","2016",100,0
"2034","lu_area_996","2021",100,0
"2035","lu_area_997","2016",100,0
"2036","lu_area_997","2021",100,0
"2037","lu_area_998","2016",100,0
"2038","lu_area_998","2021",100,0
"2039","lu_area_999","2016",100,0
"2040","lu_area_999","2021",100,0
"2041","lu_area_1000","2016",88.46,11.54
"2042","lu_area_1000","2021",92.31,7.69
"2043","lu_area_1001","2016",95.24,4.76
"2044","lu_area_1001","2021",100,0
"2045","lu_area_1002","2016",100,0
"2046","lu_area_1002","2021",100,0
"2047","lu_area_1003","2016",100,0
"2048","lu_area_1003","2021",100,0
"2049","lu_area_1004","2016",100,0
"2050","lu_area_1004","2021",100,0
"2051","lu_area_1005","2016",100,0
"2052","lu_area_1005","2021",100,0
"2053","lu_area_1006","2016",100,0
"2054","lu_area_1006","2021",100,0
"2055","lu_area_1007","2016",94.12,5.88
"2056","lu_area_1007","2021",100,0
"2057","lu_area_1008","2016",100,0
"2058","lu_area_1008","2021",100,0
"2059","lu_area_1010","2016",100,0
"2060","lu_area_1010","2021",100,0
"2061","lu_area_1011","2016",100,0
"2062","lu_area_1011","2021",100,0
"2063","lu_area_1012","2016",100,0
"2064","lu_area_1012","2021",100,0
"2065","lu_area_1013","2016",100,0
"2066","lu_area_1013","2021",100,0
"2067","lu_area_1014","2016",100,0
"2068","lu_area_1014","2021",100,0
"2069","lu_area_1015","2016",100,0
"2070","lu_area_1015","2021",100,0
"2071","lu_area_1016","2016",98.87,1.13
"2072","lu_area_1016","2021",98.87,1.13
"2073","lu_area_1017","2016",100,0
"2074","lu_area_1017","2021",100,0
"2075","lu_area_1018","2016",96.44,3.56
"2076","lu_area_1018","2021",99.52,0.48
"2077","lu_area_1019","2016",100,0
"2078","lu_area_1019","2021",100,0
"2079","lu_area_1020","2016",100,0
"2080","lu_area_1020","2021",100,0
"2081","lu_area_1021","2016",100,0
"2082","lu_area_1021","2021",100,0
"2083","lu_area_1022","2016",100,0
"2084","lu_area_1022","2021",100,0
"2085","lu_area_1023","2016",100,0
"2086","lu_area_1023","2021",100,0
"2087","lu_area_1024","2016",95.74,4.26
"2088","lu_area_1024","2021",95.74,4.26
"2089","lu_area_1025","2016",100,0
"2090","lu_area_1025","2021",100,0
"2091","lu_area_1026","2016",95.45,4.55
"2092","lu_area_1026","2021",93.18,6.82
"2093","lu_area_1027","2016",100,0
"2094","lu_area_1027","2021",92.31,7.69
"2095","lu_area_1028","2016",100,0
"2096","lu_area_1028","2021",100,0
"2097","lu_area_1029","2016",100,0
"2098","lu_area_1029","2021",100,0
"2099","lu_area_1030","2016",100,0
"2100","lu_area_1030","2021",100,0
"2101","lu_area_1031","2016",100,0
"2102","lu_area_1031","2021",100,0
"2103","lu_area_1032","2016",100,0
"2104","lu_area_1032","2021",75,25
"2105","lu_area_1033","2016",100,0
"2106","lu_area_1033","2021",100,0
"2107","lu_area_1034","2016",100,0
"2108","lu_area_1034","2021",100,0
"2109","lu_area_1035","2016",100,0
"2110","lu_area_1035","2021",100,0
"2111","lu_area_1036","2016",100,0
"2112","lu_area_1036","2021",100,0
"2113","lu_area_1037","2016",94.44,5.56
"2114","lu_area_1037","2021",100,0
"2115","lu_area_1038","2016",100,0
"2116","lu_area_1038","2021",100,0
"2117","lu_area_1039","2016",100,0
"2118","lu_area_1039","2021",100,0
"2119","lu_area_1040","2016",100,0
"2120","lu_area_1040","2021",100,0
"2121","lu_area_1041","2016",100,0
"2122","lu_area_1041","2021",100,0
"2123","lu_area_1042","2016",18.75,81.25
"2124","lu_area_1042","2021",43.75,56.25
"2125","lu_area_1043","2016",0,100
"2126","lu_area_1043","2021",0,100
"2127","lu_area_1044","2016",96.77,3.23
"2128","lu_area_1044","2021",100,0
"2129","lu_area_1045","2016",100,0
"2130","lu_area_1045","2021",100,0
"2131","lu_area_1046","2016",100,0
"2132","lu_area_1046","2021",100,0
"2133","lu_area_1047","2016",100,0
"2134","lu_area_1047","2021",100,0
"2135","lu_area_1049","2016",100,0
"2136","lu_area_1049","2021",100,0
"2137","lu_area_1050","2016",100,0
"2138","lu_area_1050","2021",92.86,7.14
"2139","lu_area_1051","2016",2.94,97.06
"2140","lu_area_1051","2021",11.76,88.24
"2141","lu_area_1052","2016",68.75,31.25
"2142","lu_area_1052","2021",56.25,43.75
"2143","lu_area_1053","2016",100,0
"2144","lu_area_1053","2021",100,0
"2145","lu_area_1055","2016",90,10
"2146","lu_area_1055","2021",97.14,2.86
"2147","lu_area_1056","2016",83.37,16.63
"2148","lu_area_1056","2021",72.62,27.38
"2149","lu_area_1057","2016",84,16
"2150","lu_area_1057","2021",76,24
"2151","lu_area_1058","2016",99.37,0.63
"2152","lu_area_1058","2021",100,0
"2153","lu_area_1059","2016",92.12,7.88
"2154","lu_area_1059","2021",96.97,3.03
"2155","lu_area_1060","2016",100,0
"2156","lu_area_1060","2021",100,0
"2157","lu_area_1061","2016",100,0
"2158","lu_area_1061","2021",100,0
"2159","lu_area_1062","2016",95.35,4.65
"2160","lu_area_1062","2021",95.35,4.65
"2161","lu_area_1063","2016",100,0
"2162","lu_area_1063","2021",100,0
"2163","lu_area_1064","2016",100,0
"2164","lu_area_1064","2021",100,0
"2165","lu_area_1065","2016",100,0
"2166","lu_area_1065","2021",100,0
"2167","lu_area_1066","2016",100,0
"2168","lu_area_1066","2021",100,0
"2169","lu_area_1067","2016",100,0
"2170","lu_area_1067","2021",100,0
"2171","lu_area_1068","2016",100,0
"2172","lu_area_1068","2021",100,0
"2173","lu_area_1069","2016",16.67,83.33
"2174","lu_area_1069","2021",33.33,66.67
"2175","lu_area_1070","2016",93.85,6.15
"2176","lu_area_1070","2021",93.85,6.15
"2177","lu_area_1071","2016",100,0
"2178","lu_area_1071","2021",100,0
"2179","lu_area_1072","2016",100,0
"2180","lu_area_1072","2021",100,0
"2181","lu_area_1073","2016",100,0
"2182","lu_area_1073","2021",100,0
"2183","lu_area_1074","2016",85.71,14.29
"2184","lu_area_1074","2021",100,0
"2185","lu_area_1075","2016",94.44,5.56
"2186","lu_area_1075","2021",100,0
"2187","lu_area_1076","2016",100,0
"2188","lu_area_1076","2021",100,0
"2189","lu_area_1077","2016",87.93,12.07
"2190","lu_area_1077","2021",89.66,10.34
"2191","lu_area_1078","2016",100,0
"2192","lu_area_1078","2021",100,0
"2193","lu_area_1079","2016",100,0
"2194","lu_area_1079","2021",100,0
"2195","lu_area_1081","2016",82.03,17.97
"2196","lu_area_1081","2021",80.47,19.53
"2197","lu_area_1082","2016",90,10
"2198","lu_area_1082","2021",100,0
"2199","lu_area_1083","2016",100,0
"2200","lu_area_1083","2021",100,0
"2201","lu_area_1084","2016",100,0
"2202","lu_area_1084","2021",100,0
"2203","lu_area_1085","2016",100,0
"2204","lu_area_1085","2021",100,0
"2205","lu_area_1086","2016",100,0
"2206","lu_area_1086","2021",100,0
"2207","lu_area_1088","2016",97.85,2.15
"2208","lu_area_1088","2021",92.47,7.53
"2209","lu_area_1091","2016",100,0
"2210","lu_area_1091","2021",100,0
"2211","lu_area_1092","2016",100,0
"2212","lu_area_1092","2021",100,0
"2213","lu_area_1095","2016",84.31,15.69
"2214","lu_area_1095","2021",92.16,7.84
"2215","lu_area_1096","2016",92.86,7.14
"2216","lu_area_1096","2021",100,0
"2217","lu_area_1097","2016",75,25
"2218","lu_area_1097","2021",80.56,19.44
"2219","lu_area_1098","2016",100,0
"2220","lu_area_1098","2021",100,0
"2221","lu_area_1099","2016",100,0
"2222","lu_area_1099","2021",100,0
"2223","lu_area_1100","2016",100,0
"2224","lu_area_1100","2021",100,0
"2225","lu_area_1101","2016",91.43,8.57
"2226","lu_area_1101","2021",97.14,2.86
"2227","lu_area_1102","2016",50,50
"2228","lu_area_1102","2021",100,0
"2229","lu_area_1103","2016",80.77,19.23
"2230","lu_area_1103","2021",80.77,19.23
"2231","lu_area_1104","2016",100,0
"2232","lu_area_1104","2021",100,0
"2233","lu_area_1105","2016",100,0
"2234","lu_area_1105","2021",100,0
"2235","lu_area_1106","2016",91.13,8.87
"2236","lu_area_1106","2021",95.64,4.36
"2237","lu_area_1107","2016",100,0
"2238","lu_area_1107","2021",98.73,1.27
"2239","lu_area_1108","2016",100,0
"2240","lu_area_1108","2021",100,0
"2241","lu_area_1109","2016",100,0
"2242","lu_area_1109","2021",100,0
"2243","lu_area_1110","2016",100,0
"2244","lu_area_1110","2021",100,0
"2245","lu_area_1111","2016",93.37,6.63
"2246","lu_area_1111","2021",98.67,1.33
"2247","lu_area_1112","2016",100,0
"2248","lu_area_1112","2021",100,0
"2249","lu_area_1113","2016",91.11,8.89
"2250","lu_area_1113","2021",97.78,2.22
"2251","lu_area_1114","2016",100,0
"2252","lu_area_1114","2021",100,0
"2253","lu_area_1115","2016",100,0
"2254","lu_area_1115","2021",100,0
"2255","lu_area_1116","2016",96.19,3.81
"2256","lu_area_1116","2021",98.56,1.44
"2257","lu_area_1117","2016",90.91,9.09
"2258","lu_area_1117","2021",96.1,3.9
"2259","lu_area_1118","2016",95.79,4.21
"2260","lu_area_1118","2021",97.89,2.11
"2261","lu_area_1119","2016",97.67,2.33
"2262","lu_area_1119","2021",96.9,3.1
"2263","lu_area_1120","2016",95.52,4.48
"2264","lu_area_1120","2021",94.53,5.47
"2265","lu_area_1121","2016",95.99,4.01
"2266","lu_area_1121","2021",98.47,1.53
"2267","lu_area_1122","2016",100,0
"2268","lu_area_1122","2021",100,0
"2269","lu_area_1123","2016",98.25,1.75
"2270","lu_area_1123","2021",99.12,0.88
"2271","lu_area_1124","2016",88.03,11.97
"2272","lu_area_1124","2021",99.61,0.39
"2273","lu_area_1125","2016",92.31,7.69
"2274","lu_area_1125","2021",100,0
"2275","lu_area_1126","2016",100,0
"2276","lu_area_1126","2021",100,0
"2277","lu_area_1127","2016",95.67,4.33
"2278","lu_area_1127","2021",98.98,1.02
"2279","lu_area_1128","2016",80,20
"2280","lu_area_1128","2021",89.91,10.09
"2281","lu_area_1129","2016",86.89,13.11
"2282","lu_area_1129","2021",88.52,11.48
"2283","lu_area_1130","2016",93.75,6.25
"2284","lu_area_1130","2021",95.54,4.46
"2285","lu_area_1131","2016",100,0
"2286","lu_area_1131","2021",100,0
"2287","lu_area_1132","2016",100,0
"2288","lu_area_1132","2021",100,0
"2289","lu_area_1133","2016",69.33,30.67
"2290","lu_area_1133","2021",82.9,17.1
"2291","lu_area_1134","2016",91.56,8.44
"2292","lu_area_1134","2021",82.97,17.03
"2293","lu_area_1135","2016",100,0
"2294","lu_area_1135","2021",100,0
"2295","lu_area_1136","2016",98.58,1.42
"2296","lu_area_1136","2021",98.58,1.42
"2297","lu_area_1137","2016",98.56,1.44
"2298","lu_area_1137","2021",98.56,1.44
"2299","lu_area_1138","2016",89.81,10.19
"2300","lu_area_1138","2021",96.3,3.7
"2301","lu_area_1139","2016",97.78,2.22
"2302","lu_area_1139","2021",100,0
"2303","lu_area_1140","2016",100,0
"2304","lu_area_1140","2021",100,0
"2305","lu_area_1141","2016",98.33,1.67
"2306","lu_area_1141","2021",100,0
"2307","lu_area_1142","2016",100,0
"2308","lu_area_1142","2021",100,0
"2309","lu_area_1143","2016",100,0
"2310","lu_area_1143","2021",100,0
"2311","lu_area_1144","2016",98.96,1.04
"2312","lu_area_1144","2021",100,0
"2313","lu_area_1145","2016",70.33,29.67
"2314","lu_area_1145","2021",73.63,26.37
"2315","lu_area_1146","2016",92.7,7.3
"2316","lu_area_1146","2021",95.68,4.32
"2317","lu_area_1147","2016",100,0
"2318","lu_area_1147","2021",100,0
"2319","lu_area_1148","2016",80,20
"2320","lu_area_1148","2021",72,28
"2321","lu_area_1149","2016",100,0
"2322","lu_area_1149","2021",100,0
"2323","lu_area_1150","2016",100,0
"2324","lu_area_1150","2021",100,0
"2325","lu_area_1151","2016",100,0
"2326","lu_area_1151","2021",100,0
"2327","lu_area_1152","2016",81.25,18.75
"2328","lu_area_1152","2021",100,0
"2329","lu_area_1153","2016",82.35,17.65
"2330","lu_area_1153","2021",88.24,11.76
"2331","lu_area_1154","2016",100,0
"2332","lu_area_1154","2021",100,0
"2333","lu_area_1155","2016",100,0
"2334","lu_area_1155","2021",100,0
"2335","lu_area_1156","2016",94.44,5.56
"2336","lu_area_1156","2021",100,0
"2337","lu_area_1157","2016",96.98,3.02
"2338","lu_area_1157","2021",98.49,1.51
"2339","lu_area_1158","2016",100,0
"2340","lu_area_1158","2021",100,0
"2341","lu_area_1159","2016",100,0
"2342","lu_area_1159","2021",100,0
"2343","lu_area_1160","2016",100,0
"2344","lu_area_1160","2021",100,0
"2345","lu_area_1161","2016",100,0
"2346","lu_area_1161","2021",100,0
"2347","lu_area_1162","2016",100,0
"2348","lu_area_1162","2021",100,0
"2349","lu_area_1163","2016",74.6,25.4
"2350","lu_area_1163","2021",96.83,3.17
"2351","lu_area_1164","2016",90.32,9.68
"2352","lu_area_1164","2021",77.42,22.58
"2353","lu_area_1165","2016",100,0
"2354","lu_area_1165","2021",100,0
"2355","lu_area_1166","2016",100,0
"2356","lu_area_1166","2021",100,0
"2357","lu_area_1167","2016",88.24,11.76
"2358","lu_area_1167","2021",94.12,5.88
"2359","lu_area_1168","2016",96.67,3.33
"2360","lu_area_1168","2021",100,0
"2361","lu_area_1169","2016",98.06,1.94
"2362","lu_area_1169","2021",99.03,0.97
"2363","lu_area_1170","2016",100,0
"2364","lu_area_1170","2021",100,0
"2365","lu_area_1171","2016",100,0
"2366","lu_area_1171","2021",100,0
"2367","lu_area_1172","2016",96.67,3.33
"2368","lu_area_1172","2021",98.33,1.67
"2369","lu_area_1173","2016",100,0
"2370","lu_area_1173","2021",100,0
"2371","lu_area_1174","2016",79.17,20.83
"2372","lu_area_1174","2021",91.67,8.33
"2373","lu_area_1175","2016",99.29,0.71
"2374","lu_area_1175","2021",95.74,4.26
"2375","lu_area_1176","2016",100,0
"2376","lu_area_1176","2021",100,0
"2377","lu_area_1177","2016",100,0
"2378","lu_area_1177","2021",100,0
"2379","lu_area_1178","2016",100,0
"2380","lu_area_1178","2021",100,0
"2381","lu_area_1179","2016",100,0
"2382","lu_area_1179","2021",100,0
"2383","lu_area_1180","2016",98.98,1.02
"2384","lu_area_1180","2021",100,0
"2385","lu_area_1181","2016",100,0
"2386","lu_area_1181","2021",100,0
"2387","lu_area_1182","2016",100,0
"2388","lu_area_1182","2021",100,0
"2389","lu_area_1183","2016",100,0
"2390","lu_area_1183","2021",100,0
"2391","lu_area_1184","2016",100,0
"2392","lu_area_1184","2021",100,0
"2393","lu_area_1185","2016",96.99,3.01
"2394","lu_area_1185","2021",97.2,2.8
"2395","lu_area_1186","2016",75,25
"2396","lu_area_1186","2021",100,0
"2397","lu_area_1187","2016",100,0
"2398","lu_area_1187","2021",100,0
"2399","lu_area_1188","2016",100,0
"2400","lu_area_1188","2021",87.5,12.5
"2401","lu_area_1189","2016",100,0
"2402","lu_area_1189","2021",100,0
"2403","lu_area_1190","2016",14.29,85.71
"2404","lu_area_1190","2021",100,0
"2405","lu_area_1191","2016",93.1,6.9
"2406","lu_area_1191","2021",93.1,6.9
"2407","lu_area_1192","2016",100,0
"2408","lu_area_1192","2021",100,0
"2409","lu_area_1193","2016",100,0
"2410","lu_area_1193","2021",100,0
"2411","lu_area_1194","2016",100,0
"2412","lu_area_1194","2021",98.85,1.15
"2413","lu_area_1195","2016",98.39,1.61
"2414","lu_area_1195","2021",93.55,6.45
"2415","lu_area_1196","2016",100,0
"2416","lu_area_1196","2021",100,0
"2417","lu_area_1197","2016",100,0
"2418","lu_area_1197","2021",100,0
"2419","lu_area_1198","2016",100,0
"2420","lu_area_1198","2021",100,0
"2421","lu_area_1199","2016",100,0
"2422","lu_area_1199","2021",100,0
"2423","lu_area_1200","2016",100,0
"2424","lu_area_1200","2021",100,0
"2425","lu_area_1201","2016",94.29,5.71
"2426","lu_area_1201","2021",98.57,1.43
"2427","lu_area_1202","2016",100,0
"2428","lu_area_1202","2021",100,0
"2429","lu_area_1203","2016",100,0
"2430","lu_area_1203","2021",100,0
"2431","lu_area_1204","2016",100,0
"2432","lu_area_1204","2021",100,0
"2433","lu_area_1205","2016",96.55,3.45
"2434","lu_area_1205","2021",100,0
"2435","lu_area_1206","2016",100,0
"2436","lu_area_1206","2021",100,0
"2437","lu_area_1207","2016",88.89,11.11
"2438","lu_area_1207","2021",100,0
"2439","lu_area_1208","2016",100,0
"2440","lu_area_1208","2021",100,0
"2441","lu_area_1209","2016",100,0
"2442","lu_area_1209","2021",100,0
"2443","lu_area_1210","2016",100,0
"2444","lu_area_1210","2021",100,0
"2445","lu_area_1211","2016",96,4
"2446","lu_area_1211","2021",94,6
"2447","lu_area_1212","2016",91.67,8.33
"2448","lu_area_1212","2021",100,0
"2449","lu_area_1213","2016",100,0
"2450","lu_area_1213","2021",94.29,5.71
"2451","lu_area_1214","2016",100,0
"2452","lu_area_1214","2021",100,0
"2453","lu_area_1215","2016",100,0
"2454","lu_area_1215","2021",92.31,7.69
"2455","lu_area_1216","2016",100,0
"2456","lu_area_1216","2021",100,0
"2457","lu_area_1217","2016",100,0
"2458","lu_area_1217","2021",100,0
"2459","lu_area_1218","2016",100,0
"2460","lu_area_1218","2021",100,0
"2461","lu_area_1219","2016",3.85,96.15
"2462","lu_area_1219","2021",11.54,88.46
"2463","lu_area_1220","2016",100,0
"2464","lu_area_1220","2021",100,0
"2465","lu_area_1221","2016",91.84,8.16
"2466","lu_area_1221","2021",100,0
"2467","lu_area_1222","2016",100,0
"2468","lu_area_1222","2021",100,0
"2469","lu_area_1223","2016",92.31,7.69
"2470","lu_area_1223","2021",92.31,7.69
"2471","lu_area_1224","2016",100,0
"2472","lu_area_1224","2021",100,0
"2473","lu_area_1225","2016",93.85,6.15
"2474","lu_area_1225","2021",94.82,5.18
"2475","lu_area_1226","2016",100,0
"2476","lu_area_1226","2021",100,0
"2477","lu_area_1227","2016",100,0
"2478","lu_area_1227","2021",100,0
"2479","lu_area_1229","2016",63.46,36.54
"2480","lu_area_1229","2021",86.54,13.46
"2481","lu_area_1230","2016",100,0
"2482","lu_area_1230","2021",100,0
"2483","lu_area_1231","2016",100,0
"2484","lu_area_1231","2021",100,0
"2485","lu_area_1232","2016",100,0
"2486","lu_area_1232","2021",100,0
"2487","lu_area_1233","2016",100,0
"2488","lu_area_1233","2021",100,0
"2489","lu_area_1234","2016",100,0
"2490","lu_area_1234","2021",88.89,11.11
"2491","lu_area_1235","2016",76.19,23.81
"2492","lu_area_1235","2021",92.86,7.14
"2493","lu_area_1236","2016",100,0
"2494","lu_area_1236","2021",100,0
"2495","lu_area_1237","2016",100,0
"2496","lu_area_1237","2021",90.91,9.09
"2497","lu_area_1238","2016",53.33,46.67
"2498","lu_area_1238","2021",100,0
"2499","lu_area_1239","2016",100,0
"2500","lu_area_1239","2021",100,0
"2501","lu_area_1240","2016",100,0
"2502","lu_area_1240","2021",100,0
"2503","lu_area_1241","2016",100,0
"2504","lu_area_1241","2021",98.8,1.2
"2505","lu_area_1242","2016",23.08,76.92
"2506","lu_area_1242","2021",76.92,23.08
"2507","lu_area_1244","2016",100,0
"2508","lu_area_1244","2021",100,0
"2509","lu_area_1245","2016",100,0
"2510","lu_area_1245","2021",100,0
"2511","lu_area_1246","2016",100,0
"2512","lu_area_1246","2021",100,0
"2513","lu_area_1247","2016",100,0
"2514","lu_area_1247","2021",100,0
"2515","lu_area_1248","2016",100,0
"2516","lu_area_1248","2021",100,0
"2517","lu_area_1249","2016",100,0
"2518","lu_area_1249","2021",100,0
"2519","lu_area_1250","2016",100,0
"2520","lu_area_1250","2021",100,0
"2521","lu_area_1251","2016",94.52,5.48
"2522","lu_area_1251","2021",99.35,0.65
"2523","lu_area_1252","2016",100,0
"2524","lu_area_1252","2021",100,0
"2525","lu_area_1253","2016",91.3,8.7
"2526","lu_area_1253","2021",100,0
"2527","lu_area_1254","2016",60.38,39.62
"2528","lu_area_1254","2021",79.25,20.75
"2529","lu_area_1255","2016",97.77,2.23
"2530","lu_area_1255","2021",99.03,0.97
"2531","lu_area_1256","2016",83.33,16.67
"2532","lu_area_1256","2021",83.33,16.67
"2533","lu_area_1257","2016",100,0
"2534","lu_area_1257","2021",100,0
"2535","lu_area_1258","2016",64.71,35.29
"2536","lu_area_1258","2021",94.12,5.88
"2537","lu_area_1259","2016",94.12,5.88
"2538","lu_area_1259","2021",100,0
"2539","lu_area_1260","2016",100,0
"2540","lu_area_1260","2021",100,0
"2541","lu_area_1261","2016",85.39,14.61
"2542","lu_area_1261","2021",91.01,8.99
"2543","lu_area_1262","2016",100,0
"2544","lu_area_1262","2021",100,0
"2545","lu_area_1263","2016",100,0
"2546","lu_area_1263","2021",100,0
"2547","lu_area_1264","2016",91.3,8.7
"2548","lu_area_1264","2021",86.96,13.04
"2549","lu_area_1265","2016",77.85,22.15
"2550","lu_area_1265","2021",77.18,22.82
"2551","lu_area_1266","2016",100,0
"2552","lu_area_1266","2021",100,0
"2553","lu_area_1267","2016",100,0
"2554","lu_area_1267","2021",100,0
"2555","lu_area_1268","2016",100,0
"2556","lu_area_1268","2021",100,0
"2557","lu_area_1269","2016",100,0
"2558","lu_area_1269","2021",100,0
"2559","lu_area_1270","2016",100,0
"2560","lu_area_1270","2021",100,0
"2561","lu_area_1271","2016",98.57,1.43
"2562","lu_area_1271","2021",98.57,1.43
"2563","lu_area_1272","2016",100,0
"2564","lu_area_1272","2021",100,0
"2565","lu_area_1273","2016",95.65,4.35
"2566","lu_area_1273","2021",95.65,4.35
"2567","lu_area_1274","2016",84.42,15.58
"2568","lu_area_1274","2021",100,0
"2569","lu_area_1275","2016",96.81,3.19
"2570","lu_area_1275","2021",97.87,2.13
"2571","lu_area_1276","2016",100,0
"2572","lu_area_1276","2021",66.67,33.33
"2573","lu_area_1277","2016",97.14,2.86
"2574","lu_area_1277","2021",100,0
"2575","lu_area_1278","2016",77.78,22.22
"2576","lu_area_1278","2021",83.95,16.05
"2577","lu_area_1279","2016",98.07,1.93
"2578","lu_area_1279","2021",100,0
"2579","lu_area_1280","2016",60,40
"2580","lu_area_1280","2021",100,0
"2581","lu_area_1281","2016",71,29
"2582","lu_area_1281","2021",69,31
"2583","lu_area_1282","2016",97.56,2.44
"2584","lu_area_1282","2021",100,0
"2585","lu_area_1283","2016",88.37,11.63
"2586","lu_area_1283","2021",100,0
"2587","lu_area_1284","2016",95.02,4.98
"2588","lu_area_1284","2021",99.5,0.5
"2589","lu_area_1285","2016",100,0
"2590","lu_area_1285","2021",100,0
"2591","lu_area_1286","2016",100,0
"2592","lu_area_1286","2021",100,0
"2593","lu_area_1287","2016",100,0
"2594","lu_area_1287","2021",100,0
"2595","lu_area_1288","2016",100,0
"2596","lu_area_1288","2021",100,0
"2597","lu_area_1289","2016",100,0
"2598","lu_area_1289","2021",100,0
"2599","lu_area_1290","2016",97.51,2.49
"2600","lu_area_1290","2021",99.75,0.25
"2601","lu_area_1291","2016",100,0
"2602","lu_area_1291","2021",100,0
"2603","lu_area_1292","2016",60,40
"2604","lu_area_1292","2021",100,0
"2605","lu_area_1293","2016",100,0
"2606","lu_area_1293","2021",100,0
"2607","lu_area_1294","2016",100,0
"2608","lu_area_1294","2021",100,0
"2609","lu_area_1295","2016",100,0
"2610","lu_area_1295","2021",100,0
"2611","lu_area_1296","2016",100,0
"2612","lu_area_1296","2021",100,0
"2613","lu_area_1297","2016",100,0
"2614","lu_area_1297","2021",100,0
"2615","lu_area_1298","2016",88.23,11.77
"2616","lu_area_1298","2021",94.29,5.71
"2617","lu_area_1299","2016",95.25,4.75
"2618","lu_area_1299","2021",93.35,6.65
"2619","lu_area_1300","2016",89.47,10.53
"2620","lu_area_1300","2021",94.74,5.26
"2621","lu_area_1301","2016",46.9,53.1
"2622","lu_area_1301","2021",84.07,15.93
"2623","lu_area_1302","2016",100,0
"2624","lu_area_1302","2021",0,100
"2625","lu_area_1303","2016",92.16,7.84
"2626","lu_area_1303","2021",97.59,2.41
"2627","lu_area_1304","2016",53.09,46.91
"2628","lu_area_1304","2021",53.09,46.91
"2629","lu_area_1305","2016",62.75,37.25
"2630","lu_area_1305","2021",92.16,7.84
